"","sequence.sequenceID","alignment.name","alignment.displayName","sequence.m49_country.id","sequence.m49_country.display_name","sequence.gb_place_sampled","sequence.collection_year","sequence.earliest_collection_year","sequence.latest_collection_year","sequence.gb_length","sequence.gb_create_date","sequence.gb_update_date","sequence.host","sequence.gb_pubmed_id","sequence.isolate"
"7","MN726811","AL_Cosmopolitan_AF1b","Cosmopolitan AF1b","TZA","Tanzania","-","2017","2017",2017,11341,"25-Dec-19","25-Dec-19","Canis lupus familiaris","-","SD711"
"8","MN726822","AL_Cosmopolitan_AF1b","Cosmopolitan AF1b","TZA","Tanzania","-","2018","2018",2018,11341,"25-Dec-19","25-Dec-19","Canis lupus familiaris","-","SD714"
"10","MN726832","AL_Cosmopolitan_AF1b","Cosmopolitan AF1b","TZA","Tanzania","-","2017","2017",2017,11341,"25-Dec-19","25-Dec-19","Canis lupus familiaris","-","SD709"
"27","MK760669","AL_Cosmopolitan_ME1a","Cosmopolitan ME1a","IRN","Iran","West Azarbaijan, Salmas","2008","2008",2008,11722,"01-Oct-19","01-Oct-19","Canis lupus","31535448","86-433"
"28","MK760670","AL_Cosmopolitan_ME1a","Cosmopolitan ME1a","IRN","Iran","West Azarbaijan, Naghadeh","2008","2008",2008,11722,"01-Oct-19","01-Oct-19","Canis lupus familiaris","31535448","86-458"
"29","MK760671","AL_Cosmopolitan_ME1a","Cosmopolitan ME1a","IRN","Iran","West Azarbaijan, Bukan","2008","2008",2008,11722,"01-Oct-19","01-Oct-19","Vulpes vulpes","31535448","86-482"
"30","MK760673","AL_Cosmopolitan_ME1a","Cosmopolitan ME1a","IRN","Iran","Lorestan, Borujerd","2008","2008",2008,11722,"01-Oct-19","01-Oct-19","Canis lupus","31535448","87-1"
"31","MK760674","AL_Cosmopolitan_ME1a","Cosmopolitan ME1a","IRN","Iran","West Azarbaijan, Mahabad","2008","2008",2008,11722,"01-Oct-19","01-Oct-19","Vulpes vulpes","31535448","87-123"
"32","MK760675","AL_Cosmopolitan_CA2","Cosmopolitan CA2","IRN","Iran","Khuzestan, Shoshtar","2008","2008",2008,11722,"01-Oct-19","01-Oct-19","Canis lupus familiaris","31535448","87-327"
"33","MK760676","AL_Cosmopolitan_CA2","Cosmopolitan CA2","IRN","Iran","Hamadan, Hamadan","2009","2009",2009,11722,"01-Oct-19","01-Oct-19","Canis lupus familiaris","31535448","87-375"
"34","MK760677","AL_Cosmopolitan_ME1a","Cosmopolitan ME1a","IRN","Iran","Tehran, Shahriyar","2009","2009",2009,11722,"01-Oct-19","01-Oct-19","Canis lupus familiaris","31535448","87-395"
"36","MK760679","AL_Cosmopolitan_CA2","Cosmopolitan CA2","IRN","Iran","Hamadan, Asadabad","2008","2008",2008,11722,"01-Oct-19","01-Oct-19","Canis lupus familiaris","31535448","87-44"
"38","MK760681","AL_Cosmopolitan_ME1a","Cosmopolitan ME1a","IRN","Iran","Qom, Salafghegan","2009","2009",2009,11722,"01-Oct-19","01-Oct-19","Canis lupus familiaris","31535448","88-1"
"40","MK760683","AL_Cosmopolitan_ME1a","Cosmopolitan ME1a","IRN","Iran","Lorestan, Khorramabad","2009","2009",2009,11722,"01-Oct-19","01-Oct-19","Canis lupus familiaris","31535448","88-186"
"45","MK760689","AL_Cosmopolitan_ME1a","Cosmopolitan ME1a","IRN","Iran","Lorestan, Borujerd","2010","2010",2010,11722,"01-Oct-19","01-Oct-19","Vulpes vulpes","31535448","88-293"
"49","MK760693","AL_Cosmopolitan_ME1a","Cosmopolitan ME1a","IRN","Iran","Kurdistan, Sanandaj","2009","2009",2009,11722,"01-Oct-19","01-Oct-19","Canis lupus familiaris","31535448","88-62"
"50","MK760694","AL_Cosmopolitan_ME1a","Cosmopolitan ME1a","IRN","Iran","West Azarbaijan, Bukan","2009","2009",2009,11722,"01-Oct-19","01-Oct-19","Canis lupus familiaris","31535448","88-67"
"51","MK760695","AL_Cosmopolitan_ME1a","Cosmopolitan ME1a","IRN","Iran","Gilan, Masal","2011","2011",2011,11722,"01-Oct-19","01-Oct-19","Vulpes vulpes","31535448","89-A-51"
"52","MK760696","AL_Cosmopolitan_ME1a","Cosmopolitan ME1a","IRN","Iran","Markazi, Arak","2012","2012",2012,11722,"01-Oct-19","01-Oct-19","Canis lupus familiaris","31535448","91-104"
"53","MK760697","AL_Cosmopolitan_ME1a","Cosmopolitan ME1a","IRN","Iran","Markazi, Arak","2012","2012",2012,11722,"01-Oct-19","01-Oct-19","Canis lupus familiaris","31535448","91-105"
"56","MK760700","AL_Cosmopolitan_CA1","Cosmopolitan CA1","IRN","Iran","Razavi Khorasan, Sabzevar","2012","2012",2012,11722,"01-Oct-19","01-Oct-19","Vulpes vulpes","31535448","91-120"
"57","MK760701","AL_Cosmopolitan_ME1a","Cosmopolitan ME1a","IRN","Iran","Qazvin, Qazvin","2012","2012",2012,11722,"01-Oct-19","01-Oct-19","Vulpes vulpes","31535448","91-202"
"58","MK760703","AL_Cosmopolitan_ME1a","Cosmopolitan ME1a","IRN","Iran","Qom, Qom","2012","2012",2012,11722,"01-Oct-19","01-Oct-19","Canis lupus","31535448","91-259"
"65","MK760710","AL_Cosmopolitan_ME1a","Cosmopolitan ME1a","IRN","Iran","Kermanshah, Kermanshah","2013","2013",2013,11722,"01-Oct-19","01-Oct-19","Canis lupus familiaris","31535448","92-107"
"96","MK760751","AL_Cosmopolitan_ME1a","Cosmopolitan ME1a","IRN","Iran","East Azarbaijan, Jolfa","2014","2014",2014,11722,"01-Oct-19","01-Oct-19","Canis lupus familiaris","31535448","93-A-225"
"108","MK760766","AL_Cosmopolitan_CA2","Cosmopolitan CA2","IRN","Iran","Mazandaran, Behshahr","2015","2015",2015,11722,"01-Oct-19","01-Oct-19","Canis lupus familiaris","31535448","94-A-29"
"112","MK760672","AL_Cosmopolitan_ME1a","Cosmopolitan ME1a","IRN","Iran","Kerman, Shahr-e Babak","2008","2008",2008,11723,"01-Oct-19","01-Oct-19","Ovis aries","31535448","86-486"
"113","MK760711","AL_Cosmopolitan_ME2","Cosmopolitan ME2","IRN","Iran","West Azarbaijan, Khoy","2013","2013",2013,11723,"01-Oct-19","01-Oct-19","Canis lupus familiaris","31535448","92-112"
"114","MK760715","AL_Cosmopolitan_ME1a","Cosmopolitan ME1a","IRN","Iran","Qazvin, Avaj","2013","2013",2013,11723,"01-Oct-19","01-Oct-19","jackal","31535448","92-145"
"115","MK760716","AL_Cosmopolitan_ME1a","Cosmopolitan ME1a","IRN","Iran","West Azarbaijan, Khoy","2013","2013",2013,11723,"01-Oct-19","01-Oct-19","Canis lupus familiaris","31535448","92-15"
"116","MK760722","AL_Cosmopolitan_ME1a","Cosmopolitan ME1a","IRN","Iran","Hamadan, Hamadan","2013","2013",2013,11723,"01-Oct-19","01-Oct-19","Canis lupus familiaris","31535448","92-27"
"117","MK760731","AL_Cosmopolitan_CA1","Cosmopolitan CA1","IRN","Iran","North Khorasan, Ashkhaneh","2014","2014",2014,11723,"01-Oct-19","01-Oct-19","Canis lupus familiaris","31535448","92-363"
"118","MK760732","AL_Cosmopolitan_ME1a","Cosmopolitan ME1a","IRN","Iran","Fars, Shiraz","2014","2014",2014,11723,"01-Oct-19","01-Oct-19","Canis lupus familiaris","31535448","92-374"
"119","MK760739","AL_Cosmopolitan_ME1a","Cosmopolitan ME1a","IRN","Iran","Isfahan, Falavarjan","2013","2013",2013,11723,"01-Oct-19","01-Oct-19","jackal","31535448","92-75"
"120","MK760746","AL_Cosmopolitan_ME2","Cosmopolitan ME2","IRN","Iran","East Azarbaijan, Marand","2014","2014",2014,11723,"01-Oct-19","01-Oct-19","Canis lupus familiaris","31535448","93-A-166"
"121","MK760754","AL_Cosmopolitan_ME1a","Cosmopolitan ME1a","IRN","Iran","Kurdistan, Saqqez","2014","2014",2014,11723,"01-Oct-19","01-Oct-19","Canis lupus familiaris","31535448","93-A-27"
"122","MK760759","AL_Cosmopolitan_ME1a","Cosmopolitan ME1a","IRN","Iran","Ardabil, Khalkhal","2014","2014",2014,11723,"01-Oct-19","01-Oct-19","Vulpes vulpes","31535448","93-A-40"
"157","KX148135","AL_Cosmopolitan_WE","Cosmopolitan WE","DEU","Germany","-","1991","1991",1991,11801,"28-Nov-16","28-Nov-16","Vulpes vulpes","-","92001GER"
"158","KX148138","AL_Cosmopolitan_EE","Cosmopolitan EE","HUN","Hungary","-","1993","1993",1993,11801,"28-Nov-16","28-Nov-16","Vulpes vulpes","-","93091HON"
"159","KX148140","AL_Cosmopolitan_EE","Cosmopolitan EE","SRB","Serbia","-","1986","1986",1986,11801,"28-Nov-16","28-Nov-16","Vulpes vulpes","-","86109YOU"
"169","KX148151","AL_Cosmopolitan_NEE","Cosmopolitan NEE","POL","Poland","-","1996","1996",1996,11801,"28-Nov-16","28-Nov-16","Vulpes vulpes","-","96042POL"
"170","KX148153","AL_Cosmopolitan_NEE","Cosmopolitan NEE","POL","Poland","-","1996","1996",1996,11801,"28-Nov-16","28-Nov-16","Canis familiaris","-","96097POL"
"172","KX148155","AL_Cosmopolitan_NEE","Cosmopolitan NEE","EST","Estonia","-","1993","1993",1993,11801,"28-Nov-16","28-Nov-16","Vulpes vulpes","-","93041EST"
"173","KX148157","AL_Cosmopolitan_NEE","Cosmopolitan NEE","EST","Estonia","-","1993","1993",1993,11801,"28-Nov-16","28-Nov-16","Canis familiaris","-","93043EST"
"174","KX148158","AL_Cosmopolitan_NEE","Cosmopolitan NEE","EST","Estonia","-","1993","1993",1993,11801,"28-Nov-16","28-Nov-16","Vulpes vulpes","-","93105EST"
"175","KX148159","AL_Cosmopolitan_CA1","Cosmopolitan CA1","IRN","Iran","-","1974","1974",1974,11801,"28-Nov-16","28-Nov-16","Ovis aries","-","86082IRA"
"176","KX148160","AL_Cosmopolitan_CA3","Cosmopolitan CA3","HUN","Hungary","-","1991","1991",1991,11801,"28-Nov-16","28-Nov-16","Homo sapiens","-","92015HON"
"178","KX148162","AL_Cosmopolitan_ME2","Cosmopolitan ME2","TUR","Turkey","-","1993","1993",1993,11801,"28-Nov-16","28-Nov-16","Canis familiaris","-","94002TUR"
"183","KX148168","AL_Cosmopolitan_ME1a","Cosmopolitan ME1a","SAU","Saudi Arabia","-","1987","1987",1987,11801,"28-Nov-16","28-Nov-16","Vulpes vulpes","-","87006ARS"
"192","KX148177","AL_Cosmopolitan_ME1a","Cosmopolitan ME1a","ISR","Israel","-","1996","1996",1996,11801,"28-Nov-16","28-Nov-16","Vulpes vulpes","-","96317ISR"
"200","KX148185","AL_Cosmopolitan_ME1a","Cosmopolitan ME1a","IRN","Iran","-","1996","1996",1996,11801,"28-Nov-16","28-Nov-16","Canis lupus","-","96299IRA"
"201","KX148186","AL_Cosmopolitan_ME1a","Cosmopolitan ME1a","IRN","Iran","-","1984","1984",1984,11801,"28-Nov-16","28-Nov-16","Canis lupus","-","87002IRA"
"202","KX148187","AL_Cosmopolitan_ME1a","Cosmopolitan ME1a","IRN","Iran","-","1996","1996",1996,11801,"28-Nov-16","28-Nov-16","jackal","-","96320IRA"
"203","KX148188","AL_Cosmopolitan_ME1a","Cosmopolitan ME1a","IRN","Iran","-","1991","1991",1991,11801,"28-Nov-16","28-Nov-16","Canis lupus","-","93009IRA"
"204","KX148189","AL_Cosmopolitan_ME1a","Cosmopolitan ME1a","IRN","Iran","-","1985","1985",1985,11801,"28-Nov-16","28-Nov-16","Canis familiaris","-","86081IRA"
"210","KX148209","AL_Cosmopolitan_AF1c","Cosmopolitan AF1c","MDG","Madagascar","-","2004","2004",2004,11801,"28-Nov-16","28-Nov-16","Canis familiaris","-","04033MAD"
"211","KX148210","AL_Cosmopolitan_AF1c","Cosmopolitan AF1c","MDG","Madagascar","-","1998","1998",1998,11801,"28-Nov-16","28-Nov-16","Homo sapiens","-","98002MAD"
"212","KX148211","AL_Cosmopolitan_AF1c","Cosmopolitan AF1c","MDG","Madagascar","-","1986","1986",1986,11801,"28-Nov-16","28-Nov-16","Canis familiaris","-","86046MAD"
"213","KX148213","AL_Cosmopolitan_AM1","Cosmopolitan AM1","USA","United States","-","1982","1982",1982,11801,"28-Nov-16","28-Nov-16","skunk","-","91001USA"
"223","KX148143","AL_Cosmopolitan_EE","Cosmopolitan EE","HUN","Hungary","-","1993","1993",1993,11802,"28-Nov-16","28-Nov-16","Vulpes vulpes","-","93080HON"
"224","KX148152","AL_Cosmopolitan_NEE","Cosmopolitan NEE","POL","Poland","-","1996","1996",1996,11802,"28-Nov-16","28-Nov-16","Canis familiaris","-","96142POL"
"226","KX148165","AL_Cosmopolitan_ME2","Cosmopolitan ME2","TUR","Turkey","-","1993","1993",1993,11802,"28-Nov-16","28-Nov-16","Canis familiaris","-","94009TUR"
"227","KX148191","AL_Cosmopolitan_ME1b","Cosmopolitan ME1b","ISR","Israel","-","1993","1993",1993,11802,"28-Nov-16","28-Nov-16","jackal","-","93032ISR"
"228","KX148192","AL_Cosmopolitan_ME1b","Cosmopolitan ME1b","ISR","Israel","-","1993","1993",1993,11802,"28-Nov-16","28-Nov-16","Canis familiaris","-","93033ISR"
"230","KX148212","AL_Cosmopolitan_CA2","Cosmopolitan CA2","IRN","Iran","-","1993","1993",1993,11802,"28-Nov-16","28-Nov-16","jackal","-","93019IRA"
"234","KX148118","AL_Cosmopolitan_CE","Cosmopolitan CE","POL","Poland","-","1994","1994",1994,11803,"28-Nov-16","28-Nov-16","Canis familiaris","-","96077POL"
"246","KX148201","AL_Cosmopolitan_AF1a","Cosmopolitan AF1a","NGA","Nigeria","-","1986","1986",1986,11805,"28-Nov-16","28-Nov-16","Canis familiaris","-","86003BRE"
"247","MN726808","AL_Cosmopolitan_AF1b","Cosmopolitan AF1b","TZA","Tanzania","-","2016","2016",2016,11806,"25-Dec-19","25-Dec-19","Canis lupus familiaris","-","SD622"
"249","MN726820","AL_Cosmopolitan_AF1b","Cosmopolitan AF1b","TZA","Tanzania","-","2017","2017",2017,11819,"25-Dec-19","25-Dec-19","Felis catus","-","SD683"
"266","DQ875051","AL_Cosmopolitan","Cosmopolitan","CHN","China","Jilin province","-","-",2006,11863,"06-Sep-06","25-Nov-08","-","-","DRV"
"273","MN726818","AL_Cosmopolitan_AF1b","Cosmopolitan AF1b","TZA","Tanzania","-","2015","2015",2015,11869,"25-Dec-19","25-Dec-19","Canis lupus familiaris","-","SD601"
"276","KT728348","AL_Cosmopolitan_CA1","Cosmopolitan CA1","RUS","Russia","Astrakhan region","2003","2003",2003,11873,"11-Nov-15","11-Nov-15","Homo sapiens","-","Rus(Astrakhan)_8329H_2003"
"277","KT728349","AL_Cosmopolitan_CA1","Cosmopolitan CA1","RUS","Russia","Astrakhan region","2003","2003",2003,11873,"11-Nov-15","11-Nov-15","Homo sapiens","-","Rus(Astrakhan)_8330H_2003"
"287","KY649620","AL_Cosmopolitan_CA1","Cosmopolitan CA1","-","-","-","-","-",2018,11884,"07-Feb-18","07-Feb-18","Bos taurus","-","CNIM1701"
"298","JQ944708","AL_Cosmopolitan_CA3","Cosmopolitan CA3","RUS","Russia","-","2008","2008",2008,11914,"14-Jul-12","14-Jul-12","Vulpes vulpes","-","1564NNO"
"304","KR906745","AL_Cosmopolitan_AF1b","Cosmopolitan AF1b","TZA","Tanzania","Pwani region","2010","2010",2010,11914,"17-Apr-16","17-Apr-16","Canis familiaris","-","RV2773.1"
"305","KR906762","AL_Cosmopolitan_AF1b","Cosmopolitan AF1b","TZA","Tanzania","Morogoro region","2010","2010",2010,11914,"17-Apr-16","17-Apr-16","Canis familiaris","-","RV2813.1"
"317","KY210275","AL_Cosmopolitan_AF1b","Cosmopolitan AF1b","TZA","Tanzania","Serengeti District","2013","2013",2013,11914,"03-Dec-17","03-Dec-17","Bos taurus","-","rv3087"
"322","KC252633","AL_Cosmopolitan_CA1","Cosmopolitan CA1","CHN","China","-","2011","2011",2011,11917,"31-Aug-14","06-Feb-15","Bos taurus","-","CNM1103C"
"325","KR906782","AL_Cosmopolitan_AF1b","Cosmopolitan AF1b","TZA","Tanzania","Serengeti District","2012","2012",2012,11919,"17-Apr-16","17-Apr-16","Canis familiaris","-","RV3111.1"
"336","KY210259","AL_Cosmopolitan_AF1b","Cosmopolitan AF1b","TZA","Tanzania","Serengeti District","2013","2013",2013,11920,"03-Dec-17","03-Dec-17","Felis catus","-","rv3066"
"345","KR534253","AL_Cosmopolitan_AF1b","Cosmopolitan AF1b","TZA","Tanzania","Serengeti District","2011","2011",2011,11922,"06-Nov-15","01-Nov-16","Canis familiaris","27774283","RV2903"
"346","KR906753","AL_Cosmopolitan_AF1b","Cosmopolitan AF1b","TZA","Tanzania","Mtwara region","2011","2011",2011,11922,"17-Apr-16","17-Apr-16","Bos taurus","-","RV2783.1"
"348","KT006769","AL_Cosmopolitan_AM2a","Cosmopolitan AM2a","MEX","Mexico","-","2013","2013",2013,11922,"08-Sep-15","06-Sep-17","Canis familiaris","-","3944"
"353","KY210286","AL_Cosmopolitan_AF1b","Cosmopolitan AF1b","TZA","Tanzania","Serengeti District","2011","2011",2011,11922,"03-Dec-17","03-Dec-17","Canis familiaris","-","rv3103"
"355","KY765901","AL_Cosmopolitan","Cosmopolitan","TJK","Tajikistan","-","2012","2012",2012,11922,"03-May-17","03-May-17","Canis familiaris","-","Tajik FTA"
"356","LN879481","AL_Cosmopolitan_WE","Cosmopolitan WE","DEU","Germany","-","1998","1998",1998,11922,"10-Mar-16","21-Apr-16","Vulpes vulpes","27046474","148/lib01041"
"358","AB645847","AL_Cosmopolitan_AM1","Cosmopolitan AM1","USA","United States","-","-","-",2012,11923,"19-Jan-12","13-Apr-12","Marmota monax","22248643","1088"
"359","EU293115","AL_Cosmopolitan_WE","Cosmopolitan WE","FRA","France","-","1991","1991",1991,11923,"23-Apr-08","23-Apr-08","Vulpes vulpes","18446239","9147FRA"
"360","JQ685894","AL_Cosmopolitan_AM4","Cosmopolitan AM4","USA","United States","-","1994","1994",1994,11923,"11-Jul-12","11-Jul-12","Mephitis mephitis","22737076","CA982"
"361","JQ685967","AL_Cosmopolitan_AM1","Cosmopolitan AM1","USA","United States","-","-","-",2012,11923,"11-Jul-12","11-Jul-12","Mephitis mephitis","22737076","NC1234"
"362","JQ685970","AL_Cosmopolitan_AM4","Cosmopolitan AM4","USA","United States","-","1974","1974",1974,11923,"11-Jul-12","11-Jul-12","Mephitis mephitis","22737076","CASK2"
"363","JQ944704","AL_Cosmopolitan_NEE","Cosmopolitan NEE","RUS","Russia","-","2009","2009",2009,11923,"14-Jul-12","14-Jul-12","Canis familiaris","-","184VNO"
"365","JQ944706","AL_Cosmopolitan_CA2","Cosmopolitan CA2","RUS","Russia","-","2008","2008",2008,11923,"14-Jul-12","14-Jul-12","Canis familiaris","-","1352KRA"
"366","JX473838","AL_Cosmopolitan_AF1b","Cosmopolitan AF1b","NAM","Namibia","Kunene, Etosha National Park","2009","2009",2009,11923,"21-Oct-12","21-Oct-12","jackal","-","178J09"
"367","JX473839","AL_Cosmopolitan_AF1b","Cosmopolitan AF1b","NAM","Namibia","Kunene, Etosha National Park","2009","2009",2009,11923,"21-Oct-12","21-Oct-12","jackal","-","192J09"
"368","JX473840","AL_Cosmopolitan_AF1b","Cosmopolitan AF1b","NAM","Namibia","Khomas, Windhoek","2009","2009",2009,11923,"21-Oct-12","21-Oct-12","Tragelaphus strepsiceros (Namibian kudu)","-","239K09"
"370","KF154997","AL_Cosmopolitan_NEE","Cosmopolitan NEE","EST","Estonia","-","-","-",2013,11923,"14-Jul-13","14-Jul-13","Canis familiaris","23822119","RV437"
"371","KF155000","AL_Cosmopolitan_CA2","Cosmopolitan CA2","IRQ","Iraq","-","2010","2010",2010,11923,"14-Jul-13","14-Jul-13","Bos taurus","23822119","RV2516"
"372","KF155002","AL_Cosmopolitan_AF1b","Cosmopolitan AF1b","TZA","Tanzania","-","2010","2010",2010,11923,"14-Jul-13","14-Jul-13","Canis familiaris","23822119","RV2772"
"373","KM016899","AL_Cosmopolitan_CA1","Cosmopolitan CA1","CHN","China","-","2014","2014",2014,11923,"01-Oct-14","01-Oct-14","Vulpes vulpes","-","WQ14-RF"
"374","KR534217","AL_Cosmopolitan_AF1b","Cosmopolitan AF1b","TZA","Tanzania","Serengeti District","2008","2008",2008,11923,"06-Nov-15","01-Nov-16","Canis familiaris","27774283","RV2490"
"375","KR534218","AL_Cosmopolitan_AF1b","Cosmopolitan AF1b","TZA","Tanzania","Serengeti District","2008","2008",2008,11923,"06-Nov-15","01-Nov-16","Canis familiaris","27774283","RV2491"
"377","KR534220","AL_Cosmopolitan_AF1b","Cosmopolitan AF1b","TZA","Tanzania","Serengeti District","2008","2008",2008,11923,"06-Nov-15","01-Nov-16","Canis familiaris","27774283","RV2493"
"378","KR534232","AL_Cosmopolitan_AF1b","Cosmopolitan AF1b","TZA","Tanzania","Serengeti District","2011","2011",2011,11923,"06-Nov-15","01-Nov-16","jackal","27774283","RV2792"
"379","KR534233","AL_Cosmopolitan_AF1b","Cosmopolitan AF1b","TZA","Tanzania","Serengeti District","2011","2011",2011,11923,"06-Nov-15","01-Nov-16","Canis familiaris","27774283","RV2794"
"381","KR534235","AL_Cosmopolitan_AF1b","Cosmopolitan AF1b","TZA","Tanzania","Serengeti District","2011","2011",2011,11923,"06-Nov-15","01-Nov-16","Bos taurus","27774283","RV2796"
"382","KR534236","AL_Cosmopolitan_AF1b","Cosmopolitan AF1b","TZA","Tanzania","Serengeti District","2011","2011",2011,11923,"06-Nov-15","01-Nov-16","Bos taurus","27774283","RV2797"
"383","KR534237","AL_Cosmopolitan_AF1b","Cosmopolitan AF1b","TZA","Tanzania","Serengeti District","2011","2011",2011,11923,"06-Nov-15","01-Nov-16","Bos taurus","27774283","RV2798"
"384","KR534245","AL_Cosmopolitan_AF1b","Cosmopolitan AF1b","TZA","Tanzania","Serengeti District","2011","2011",2011,11923,"06-Nov-15","01-Nov-16","Bos taurus","27774283","RV2890"
"385","KR534246","AL_Cosmopolitan_AF1b","Cosmopolitan AF1b","TZA","Tanzania","Serengeti District","2011","2011",2011,11923,"06-Nov-15","01-Nov-16","civet","27774283","RV2891"
"386","KR534247","AL_Cosmopolitan_AF1b","Cosmopolitan AF1b","TZA","Tanzania","Serengeti District","2011","2011",2011,11923,"06-Nov-15","01-Nov-16","Canis familiaris","27774283","RV2892"
"387","KR534248","AL_Cosmopolitan_AF1b","Cosmopolitan AF1b","TZA","Tanzania","Serengeti District","2011","2011",2011,11923,"06-Nov-15","01-Nov-16","Bos taurus","27774283","RV2893"
"391","KR534254","AL_Cosmopolitan_AF1b","Cosmopolitan AF1b","TZA","Tanzania","Serengeti District","2011","2011",2011,11923,"06-Nov-15","01-Nov-16","Felis catus","27774283","RV2906"
"393","KR906736","AL_Cosmopolitan_AF1b","Cosmopolitan AF1b","TZA","Tanzania","Morogoro region","2008","2008",2008,11923,"17-Apr-16","17-Apr-16","Canis familiaris","-","RV2499.1"
"396","KR906741","AL_Cosmopolitan_AF1b","Cosmopolitan AF1b","TZA","Tanzania","Arusha Region","2003","2003",2003,11923,"17-Apr-16","17-Apr-16","Canis familiaris","-","RV2504.1"
"397","KR906742","AL_Cosmopolitan_AF1b","Cosmopolitan AF1b","TZA","Tanzania","Serengeti District","2009","2009",2009,11923,"17-Apr-16","17-Apr-16","Canis familiaris","-","RV2767.1"
"398","KR906747","AL_Cosmopolitan_AF1b","Cosmopolitan AF1b","TZA","Tanzania","Iringa region","2010","2010",2010,11923,"17-Apr-16","17-Apr-16","Canis familiaris","-","RV2775.1"
"399","KR906748","AL_Cosmopolitan_AF1b","Cosmopolitan AF1b","TZA","Tanzania","Chake chake","2010","2010",2010,11923,"17-Apr-16","06-Feb-18","Canis familiaris","-","RV2776.1"
"400","KR906752","AL_Cosmopolitan_AF1b","Cosmopolitan AF1b","TZA","Tanzania","Kusini Unguja","2011","2011",2011,11923,"17-Apr-16","06-Feb-18","Canis familiaris","-","RV2782.1"
"403","KR906765","AL_Cosmopolitan_AF1b","Cosmopolitan AF1b","TZA","Tanzania","Morogoro region","2010","2010",2010,11923,"17-Apr-16","17-Apr-16","Canis familiaris","-","RV2816.1"
"406","KR906772","AL_Cosmopolitan_AF1b","Cosmopolitan AF1b","TZA","Tanzania","Serengeti District","2011","2011",2011,11923,"17-Apr-16","17-Apr-16","Canis familiaris","-","RV2896.1"
"407","KR906773","AL_Cosmopolitan_AF1b","Cosmopolitan AF1b","TZA","Tanzania","Serengeti District","2011","2011",2011,11923,"17-Apr-16","17-Apr-16","Canis familiaris","-","RV2900.1"
"410","KR906781","AL_Cosmopolitan_AF1b","Cosmopolitan AF1b","TZA","Tanzania","Serengeti District","2012","2012",2012,11923,"17-Apr-16","17-Apr-16","unknown","-","RV3107.1"
"418","KT336432","AL_Cosmopolitan_AF1b","Cosmopolitan AF1b","ZAF","South Africa","-","2012","2012",2012,11923,"19-Aug-15","13-Oct-15","Canis lupus familiaris","26430028","55612"
"419","KT336433","AL_Cosmopolitan_AF1b","Cosmopolitan AF1b","ZWE","Zimbabwe","-","1991","1991",1991,11923,"19-Aug-15","13-Oct-15","Canis lupus familiaris","26430028","20034"
"420","KT336434","AL_Cosmopolitan_AF1b","Cosmopolitan AF1b","ZWE","Zimbabwe","-","1992","1992",1992,11923,"19-Aug-15","13-Oct-15","Canis lupus familiaris","26430028","21057"
"425","KX148104","AL_Cosmopolitan_YUGCOW","Cosmopolitan YUGCOW","MNE","Montenegro","-","1978","1978",1978,11923,"28-Nov-16","28-Nov-16","Bos taurus","-","86058YOU"
"429","KY210229","AL_Cosmopolitan_AF1b","Cosmopolitan AF1b","TZA","Tanzania","Serengeti District","2011","2011",2011,11923,"03-Dec-17","03-Dec-17","Canis familiaris","-","rv2867"
"456","KY210268","AL_Cosmopolitan_AF1b","Cosmopolitan AF1b","TZA","Tanzania","Serengeti District","2013","2013",2013,11923,"03-Dec-17","03-Dec-17","Bos taurus","-","rv3078"
"471","KY210295","AL_Cosmopolitan_AF1b","Cosmopolitan AF1b","TZA","Tanzania","Serengeti District","2012","2012",2012,11923,"03-Dec-17","03-Dec-17","Canis familiaris","-","rv3122"
"481","KY860583","AL_Cosmopolitan_ME2","Cosmopolitan ME2","TUR","Turkey","-","1999","1999",1999,11923,"31-Jan-18","31-Jan-18","Canis familiaris","-","RV2975"
"488","KY860604","AL_Cosmopolitan_ME1a","Cosmopolitan ME1a","TUR","Turkey","-","2000","2000",2000,11923,"31-Jan-18","31-Jan-18","Vulpes vulpes","-","RV1145"
"489","KY860605","AL_Cosmopolitan_ME1a","Cosmopolitan ME1a","TUR","Turkey","-","2001","2001",2001,11923,"31-Jan-18","31-Jan-18","Vulpes vulpes","-","RV1144"
"490","KY860606","AL_Cosmopolitan_ME1a","Cosmopolitan ME1a","TUR","Turkey","-","2001","2001",2001,11923,"31-Jan-18","31-Jan-18","Vulpes vulpes","-","RV1129"
"491","KY860607","AL_Cosmopolitan_ME2","Cosmopolitan ME2","TUR","Turkey","-","2001","2001",2001,11923,"31-Jan-18","31-Jan-18","Canis familiaris","-","RV1136"
"492","KY860608","AL_Cosmopolitan_ME2","Cosmopolitan ME2","TUR","Turkey","-","2001","2001",2001,11923,"31-Jan-18","31-Jan-18","Canis familiaris","-","RV1137"
"493","KY860609","AL_Cosmopolitan_ME2","Cosmopolitan ME2","TUR","Turkey","-","2001","2001",2001,11923,"31-Jan-18","31-Jan-18","Canis familiaris","-","RV1142"
"494","KY860610","AL_Cosmopolitan_CA2","Cosmopolitan CA2","TUR","Turkey","-","2001","2001",2001,11923,"31-Jan-18","31-Jan-18","Canis familiaris","-","RV1133"
"495","KY860611","AL_Cosmopolitan_ME1a","Cosmopolitan ME1a","TUR","Turkey","-","2001","2001",2001,11923,"31-Jan-18","31-Jan-18","Canis familiaris","-","RV1134"
"496","KY860612","AL_Cosmopolitan_ME2","Cosmopolitan ME2","TUR","Turkey","-","1989","1989",1989,11923,"31-Jan-18","31-Jan-18","Canis familiaris","-","RV201"
"497","LC029889","AL_Cosmopolitan_AF1b","Cosmopolitan AF1b","UGA","Uganda","-","2009","2009",2009,11923,"07-Apr-15","07-Apr-15","Felis catus","-","UGbv13"
"498","LN879480","AL_Cosmopolitan","Cosmopolitan","AZE","Azerbaijan","-","2002","2002",2002,11923,"20-Jan-17","20-Jan-17","Canis lupus familiaris","27046474","5989/lib205/12"
"499","LT909526","AL_Cosmopolitan_ME1a","Cosmopolitan ME1a","-","-","-","-","-",2018,11923,"29-Jan-18","29-Jan-18","-","-","13162"
"501","LT909532","AL_Cosmopolitan_NEE","Cosmopolitan NEE","-","-","-","-","-",2018,11923,"29-Jan-18","29-Jan-18","-","-","12929"
"502","LT909533","AL_Cosmopolitan_ME1a","Cosmopolitan ME1a","-","-","-","-","-",2018,11923,"29-Jan-18","29-Jan-18","-","-","13044"
"504","LT909536","AL_Cosmopolitan_AF1b","Cosmopolitan AF1b","-","-","-","-","-",2018,11923,"29-Jan-18","29-Jan-18","-","-","13471"
"507","LT909540","AL_Cosmopolitan_ME1a","Cosmopolitan ME1a","-","-","-","-","-",2018,11923,"29-Jan-18","29-Jan-18","-","-","13043"
"508","LT909547","AL_Cosmopolitan_CE","Cosmopolitan CE","-","-","-","-","-",2018,11923,"29-Jan-18","29-Jan-18","-","-","13284"
"509","MG458309","AL_Cosmopolitan_YUGCOW","Cosmopolitan YUGCOW","SRB","Serbia","-","1978","1978",1978,11923,"31-Jan-18","31-Jan-18","Canis familiaris","29357361","RV1185"
"510","MG458310","AL_Cosmopolitan_WE","Cosmopolitan WE","SRB","Serbia","-","1986","1986",1986,11923,"31-Jan-18","31-Jan-18","Bos taurus","29357361","RV1189"
"511","MG458311","AL_Cosmopolitan_EE","Cosmopolitan EE","SRB","Serbia","-","1998","1998",1998,11923,"31-Jan-18","31-Jan-18","Vulpes vulpes","29357361","RV1196"
"512","MG458312","AL_Cosmopolitan","Cosmopolitan","SRB","Serbia","-","1997","1997",1997,11923,"31-Jan-18","31-Jan-18","Vulpes vulpes","29357361","RV1219"
"516","MN726804","AL_Cosmopolitan_AF1b","Cosmopolitan AF1b","TZA","Tanzania","-","2015","2015",2015,11923,"25-Dec-19","25-Dec-19","Canis lupus familiaris","-","SUB7087"
"519","HQ450386","AL_Cosmopolitan_AM2a","Cosmopolitan AM2a","MEX","Mexico","-","-","-",2011,11924,"04-Jan-11","12-Sep-12","Canis familiaris","22966186","DRV-Mexico"
"520","KF154998","AL_Cosmopolitan_AF4","Cosmopolitan AF4","ISR","Israel","-","1950","1950",1950,11924,"14-Jul-13","14-Jul-13","Canis familiaris","23822119","RV2324"
"521","KY860584","AL_Cosmopolitan_ME2","Cosmopolitan ME2","TUR","Turkey","-","1999","1999",1999,11924,"31-Jan-18","31-Jan-18","Vulpes vulpes","-","RV1124"
"522","KY860588","AL_Cosmopolitan_ME2","Cosmopolitan ME2","TUR","Turkey","-","2004","2004",2004,11924,"31-Jan-18","31-Jan-18","Vulpes vulpes","-","RV2976"
"523","KY860589","AL_Cosmopolitan_ME2","Cosmopolitan ME2","TUR","Turkey","-","2006","2006",2006,11924,"31-Jan-18","31-Jan-18","Vulpes vulpes","-","RV2977"
"525","KY860592","AL_Cosmopolitan_ME2","Cosmopolitan ME2","TUR","Turkey","-","2009","2009",2009,11924,"31-Jan-18","31-Jan-18","Vulpes vulpes","-","RV2980"
"526","KY860593","AL_Cosmopolitan_ME2","Cosmopolitan ME2","TUR","Turkey","-","2010","2010",2010,11924,"31-Jan-18","31-Jan-18","Vulpes vulpes","-","RV2981"
"533","LT909544","AL_Cosmopolitan_AM2a","Cosmopolitan AM2a","-","-","-","-","-",2018,11924,"29-Jan-18","29-Jan-18","-","-","13212"
"534","MG458306","AL_Cosmopolitan_CE","Cosmopolitan CE","CZE","Czechia","-","-","-",2018,11924,"31-Jan-18","31-Jan-18","Vulpes vulpes","29357361","RV860"
"535","AB517660","AL_Cosmopolitan_AM3b","Cosmopolitan AM3b","BRA","Brazil","-","-","-",2012,11925,"02-Feb-12","02-Feb-12","-","-","BR-Pfx3"
"536","GQ412744","AL_Cosmopolitan","Cosmopolitan","CHN","China","Beijing","1931","1931",1931,11925,"31-Jul-15","31-Jul-15","Canis familiaris","-","aG"
"539","JN234411","AL_Cosmopolitan","Cosmopolitan","CHN","China","-","1931","1931",1931,11925,"10-Dec-11","30-Jun-15","Canis familiaris","23895005","4aGV"
"540","JQ685943","AL_Cosmopolitan_AM2b","Cosmopolitan AM2b","USA","United States","-","2009","2009",2009,11925,"11-Jul-12","11-Jul-12","Vulpes vulpes","22737076","A10-0511"
"542","KC737850","AL_Cosmopolitan_AM3a","Cosmopolitan AM3a","USA","United States","-","2011","2011",2011,11925,"18-Jun-13","18-Jun-13","Homo sapiens","-","A11-5300"
"543","KY860600","AL_Cosmopolitan_ME2","Cosmopolitan ME2","TUR","Turkey","-","2014","2014",2014,11925,"31-Jan-18","31-Jan-18","Vulpes vulpes","-","sub5792"
"544","KY860601","AL_Cosmopolitan_ME2","Cosmopolitan ME2","TUR","Turkey","-","2014","2014",2014,11925,"31-Jan-18","31-Jan-18","Vulpes vulpes","-","RV3160"
"545","LT909530","AL_Cosmopolitan","Cosmopolitan","-","-","-","-","-",2018,11925,"29-Jan-18","29-Jan-18","-","-","13251"
"547","MG458319","AL_Cosmopolitan","Cosmopolitan","GRD","Grenada","-","2012","2012",2012,11925,"31-Jan-18","31-Jan-18","mongoose","29357361","RV2854"
"552","KP723638","AL_Cosmopolitan_AF1a","Cosmopolitan AF1a","ETH","Ethiopia","-","2014","2014",2014,11926,"04-Mar-15","08-Apr-15","Canis simensis","25814597","RV2985"
"553","LT909546","AL_Cosmopolitan_AF1a","Cosmopolitan AF1a","-","-","-","-","-",2018,11926,"29-Jan-18","29-Jan-18","-","-","13135"
"554","GQ918139","AL_Cosmopolitan","Cosmopolitan","-","-","-","-","-",2010,11927,"30-Jun-10","30-Jun-10","-","-","CVS-11"
"555","HM535790","AL_Cosmopolitan","Cosmopolitan","USA","United States","-","-","-",2010,11927,"29-Nov-10","29-Dec-10","-","21068252","CVS-N2c"
"556","HQ891318","AL_Cosmopolitan","Cosmopolitan","-","-","-","-","-",2011,11927,"02-Aug-11","23-Jan-13","-","23265241","B2c"
"560","LT909529","AL_Cosmopolitan_AF1a","Cosmopolitan AF1a","-","-","-","-","-",2018,11927,"29-Jan-18","29-Jan-18","-","-","13122"
"561","LT909535","AL_Cosmopolitan_AF1a","Cosmopolitan AF1a","-","-","-","-","-",2018,11927,"29-Jan-18","29-Jan-18","-","-","13123"
"562","LT909551","AL_Cosmopolitan_AF1a","Cosmopolitan AF1a","-","-","-","-","-",2018,11927,"29-Jan-18","29-Jan-18","-","-","13473"
"563","JQ685899","AL_Cosmopolitan_AM2b","Cosmopolitan AM2b","USA","United States","-","2009","2009",2009,11930,"11-Jul-12","11-Jul-12","Vulpes vulpes","22737076","A10-0515"
"564","LT909531","AL_Cosmopolitan_AF1a","Cosmopolitan AF1a","-","-","-","-","-",2018,11930,"29-Jan-18","29-Jan-18","-","-","13177"
"565","LT909542","AL_Cosmopolitan_AF1a","Cosmopolitan AF1a","-","-","-","-","-",2018,11931,"29-Jan-18","29-Jan-18","-","-","13125"
"566","EF542830","AL_Cosmopolitan","Cosmopolitan","RUS","Russia","-","-","-",2008,11932,"14-Jan-08","25-Feb-08","-","18187223","RV-97"
"567","KM198893","AL_Cosmopolitan","Cosmopolitan","RUS","Russia","-","-","-",2014,11932,"25-Oct-14","25-Oct-14","-","-","Moscow 3253"
