"","ID","N","gap","Length_before","Length_after","Year","cluster","previous"
"1","KY210250",0,116,12042,11926,2012,"AF1b_C1.1.1","Cosmopolitan AF1b"
"2","KY210251",0,116,12042,11926,2012,"AF1b_C1.1.1","Cosmopolitan AF1b"
"3","KY210247",0,427,12042,11615,2012,"AF1b_C1.1.1","Cosmopolitan AF1b"
"4","KY210272",0,116,12042,11926,2013,"AF1b_C1.1.1","Cosmopolitan AF1b"
"5","KY210290",0,118,12042,11924,2012,"AF1b_C1.1.1","Cosmopolitan AF1b"
"6","KY210239",0,119,12042,11923,2011,"AF1b_C1.1.1","Cosmopolitan AF1b"
"7","KY210246",0,117,12042,11925,2012,"AF1b_C1.1.1","Cosmopolitan AF1b"
"8","KR906787",0,119,12042,11923,2012,"AF1b_C1.1.1","Cosmopolitan AF1b"
"9","KY210300",0,2027,12042,10015,2012,"AF1b_C1.1.1","Cosmopolitan AF1b"
"10","KY210258",0,408,12042,11634,2013,"AF1b_C1.1.1","Cosmopolitan AF1b"
"11","KR534249",0,331,12042,11711,2011,"AF1b_C1.1.1","Cosmopolitan AF1b"
"12","KY210231",0,319,12042,11723,2011,"AF1b_C1.1.1","Cosmopolitan AF1b"
"13","KR534248",0,173,12042,11869,2011,"AF1b_C1.1.1","Cosmopolitan AF1b"
"14","KY210235",0,179,12042,11863,2011,"AF1b_C1.1.1","Cosmopolitan AF1b"
"15","KY210271",0,110,12042,11932,2013,"AF1b_C1.1.1","Cosmopolitan AF1b"
"16","KY210232",0,119,12042,11923,2011,"AF1b_C1.1.1","Cosmopolitan AF1b"
"17","KY210241",0,118,12042,11924,2011,"AF1b_C1.1.1","Cosmopolitan AF1b"
"18","KY210243",0,117,12042,11925,2011,"AF1b_C1.1.1","Cosmopolitan AF1b"
"19","KY210234",0,115,12042,11927,2011,"AF1b_C1.1.1","Cosmopolitan AF1b"
"20","KR534244",0,117,12042,11925,2011,"AF1b_C1.1.1","Cosmopolitan AF1b"
"21","KR906755",0,117,12042,11925,2011,"AF1b_C1.1.1","Cosmopolitan AF1b"
"22","KR906758",0,115,12042,11927,2010,"AF1b_C1.1.1","Cosmopolitan AF1b"
"23","KY210225",0,118,12042,11924,2011,"AF1b_C1.1.1","Cosmopolitan AF1b"
"24","KY210260",0,115,12042,11927,2013,"AF1b_F1","Cosmopolitan AF1b"
"25","KY210292",0,117,12042,11925,2012,"AF1b_F1","Cosmopolitan AF1b"
"26","KY210293",0,119,12042,11923,2012,"AF1b_F1","Cosmopolitan AF1b"
"27","KY210249",0,112,12042,11930,2012,"AF1b_F1","Cosmopolitan AF1b"
"28","KY210289",0,117,12042,11925,2012,"AF1b_F1","Cosmopolitan AF1b"
"29","KY210307",0,117,12042,11925,2012,"AF1b_F1","Cosmopolitan AF1b"
"30","KY210299",0,119,12042,11923,2012,"AF1b_F1","Cosmopolitan AF1b"
"31","KY210301",0,119,12042,11923,2012,"AF1b_F1","Cosmopolitan AF1b"
"32","KY210302",0,119,12042,11923,2012,"AF1b_F1","Cosmopolitan AF1b"
"33","KR534245",0,119,12042,11923,2011,"AF1b_C1.1.1","Cosmopolitan AF1b"
"34","KR534246",0,119,12042,11923,2011,"AF1b_C1.1.1","Cosmopolitan AF1b"
"35","KR906771",0,128,12042,11914,2011,"AF1b_C1.1.1","Cosmopolitan AF1b"
"36","KR534247",0,115,12042,11927,2011,"AF1b_C1.1","Cosmopolitan AF1b"
"37","KY210238",0,119,12042,11923,2011,"AF1b_C1.1","Cosmopolitan AF1b"
"38","KY210229",0,119,12042,11923,2011,"AF1b_C1.1","Cosmopolitan AF1b"
"39","KY210291",0,119,12042,11923,2012,"AF1b_C1.1","Cosmopolitan AF1b"
"40","KR534254",0,119,12042,11923,2011,"AF1b_C1.1","Cosmopolitan AF1b"
"41","KR906782",0,125,12042,11917,2012,"AF1b_C1","Cosmopolitan AF1b"
"42","KY210259",0,246,12042,11796,2013,"AF1b_C1","Cosmopolitan AF1b"
"43","MN726811",0,243,12042,11799,2017,"AF1b_A1.1.2","Cosmopolitan AF1b"
"44","MN726832",1,244,12042,11797,2017,"AF1b_A1.1.2","Cosmopolitan AF1b"
"45","MN726822",0,244,12042,11798,2018,"AF1b_A1.1.2","Cosmopolitan AF1b"
"46","KR534229",0,117,12042,11925,2010,"AF1b_A1.1.4","Cosmopolitan AF1b"
"47","KR534233",0,119,12042,11923,2011,"AF1b_A1.1.4","Cosmopolitan AF1b"
"48","KR906760",0,118,12042,11924,2010,"AF1b_A1.1.4","Cosmopolitan AF1b"
"49","KR906772",0,119,12042,11923,2011,"AF1b_A1.1.4","Cosmopolitan AF1b"
"50","KR534232",0,116,12042,11926,2011,"AF1b_A1.1.4","Cosmopolitan AF1b"
"51","KY210267",0,119,12042,11923,2013,"AF1b_A1.1.4","Cosmopolitan AF1b"
"52","KR906756",0,119,12042,11923,2011,"AF1b_A1.1.4","Cosmopolitan AF1b"
"53","MN726815",0,110,12042,11932,2015,"AF1b_E1.1","Cosmopolitan AF1b"
"54","MN726825",0,161,12042,11881,2015,"AF1b_E1.1","Cosmopolitan AF1b"
"55","KY210268",0,116,12042,11926,2013,"AF1b_E1.1","Cosmopolitan AF1b"
"56","KR906778",0,169,12042,11873,2011,"AF1b_E1.1","Cosmopolitan AF1b"
"57","KY210278",0,119,12042,11923,2011,"AF1b_E1.1","Cosmopolitan AF1b"
"58","KY210295",0,119,12042,11923,2012,"AF1b_E1","Cosmopolitan AF1b"
"59","KY210296",0,119,12042,11923,2012,"AF1b_E1","Cosmopolitan AF1b"
"60","KY210288",0,119,12042,11923,2012,"AF1b_E1","Cosmopolitan AF1b"
"61","KR906781",0,128,12042,11914,2012,"AF1b_E1","Cosmopolitan AF1b"
"62","KY210287",0,193,12042,11849,2012,"AF1b_E1","Cosmopolitan AF1b"
"63","KR906780",0,157,12042,11885,2011,"AF1b_G1","Cosmopolitan AF1b"
"64","KY210286",0,158,12042,11884,2011,"AF1b_G1","Cosmopolitan AF1b"
"65","KY210308",0,119,12042,11923,2012,"AF1b_G1","Cosmopolitan AF1b"
"66","KR534253",0,119,12042,11923,2011,"AF1b_G1","Cosmopolitan AF1b"
"67","KR906773",0,119,12042,11923,2011,"AF1b_G1","Cosmopolitan AF1b"
"68","MN726823",0,119,12042,11923,2017,"AF1b_A1.1.1","Cosmopolitan AF1b"
"69","MN726834",0,119,12042,11923,2017,"AF1b_A1.1.1","Cosmopolitan AF1b"
"70","MN726820",0,119,12042,11923,2017,"AF1b_A1.1.1","Cosmopolitan AF1b"
"71","MN726808",0,175,12042,11867,2016,"AF1b_A1.1.1","Cosmopolitan AF1b"
"72","MN726817",0,128,12042,11914,2016,"AF1b_A1.1.1","Cosmopolitan AF1b"
"73","MN726806",0,119,12042,11923,2017,"AF1b_A1.1.1","Cosmopolitan AF1b"
"74","MN726818",0,119,12042,11923,2015,"AF1b_A1.1.1","Cosmopolitan AF1b"
"75","MN726807",0,119,12042,11923,2017,"AF1b_H1","Cosmopolitan AF1b"
"76","MN726813",0,119,12042,11923,2017,"AF1b_H1","Cosmopolitan AF1b"
"77","MN726802",0,125,12042,11917,2016,"AF1b_H1","Cosmopolitan AF1b"
"78","MN726809",0,119,12042,11923,2016,"AF1b_H1","Cosmopolitan AF1b"
"79","MN726828",0,119,12042,11923,2017,"AF1b_H1","Cosmopolitan AF1b"
"80","MN726835",0,119,12042,11923,2017,"AF1b_A1.1.1","Cosmopolitan AF1b"
"81","KR906788",0,120,12042,11922,2012,"AF1b_I1","Cosmopolitan AF1b"
"82","KR906792",0,119,12042,11923,2012,"AF1b_I1","Cosmopolitan AF1b"
"83","KY210297",0,121,12042,11921,2012,"AF1b_I1","Cosmopolitan AF1b"
"84","KY210298",0,119,12042,11923,2012,"AF1b_I1","Cosmopolitan AF1b"
"85","KY210305",0,139,12042,11903,2012,"AF1b_I1","Cosmopolitan AF1b"
"86","KY210248",0,119,12042,11923,2012,"AF1b_A1.1.3","Cosmopolitan AF1b"
"87","KY210262",1,122,12042,11919,2013,"AF1b_A1.1.3","Cosmopolitan AF1b"
"88","KY210303",0,119,12042,11923,2012,"AF1b_A1.1.3","Cosmopolitan AF1b"
"89","KR534256",0,119,12042,11923,2011,"AF1b_A1.1.3","Cosmopolitan AF1b"
"90","KR534236",5,128,12042,11909,2011,"AF1b_A1.1.3","Cosmopolitan AF1b"
"91","KR534237",0,119,12042,11923,2011,"AF1b_A1.1.3","Cosmopolitan AF1b"
"92","KR534235",0,119,12042,11923,2011,"AF1b_A1.1.3","Cosmopolitan AF1b"
"93","KY210224",2,128,12042,11912,2010,"AF1b_A1.1.3","Cosmopolitan AF1b"
"94","KY210265",0,128,12042,11914,2013,"AF1b_A1.1.3","Cosmopolitan AF1b"
"95","KY210273",0,128,12042,11914,2013,"AF1b_A1.1.3","Cosmopolitan AF1b"
"96","KY210244",0,167,12042,11875,2011,"AF1b_A1.1.3","Cosmopolitan AF1b"
"97","KY210276",0,119,12042,11923,2013,"AF1b_A1.1.3","Cosmopolitan AF1b"
"98","KR534250",0,119,12042,11923,2011,"AF1b_A1.1.3","Cosmopolitan AF1b"
"99","KY210236",0,164,12042,11878,2011,"AF1b_A1.1.3","Cosmopolitan AF1b"
"100","KY210226",0,188,12042,11854,2011,"AF1b_A1.1.3","Cosmopolitan AF1b"
"101","KY210230",0,127,12042,11915,2011,"AF1b_A1.1.3","Cosmopolitan AF1b"
"102","KY210228",0,119,12042,11923,2011,"AF1b_A1.1","Cosmopolitan AF1b"
"103","KR906786",0,120,12042,11922,2012,"AF1b_A1.1","Cosmopolitan AF1b"
"104","KR906738",0,177,12042,11865,2004,"AF1b_A1.1","Cosmopolitan AF1b"
"105","KR534218",0,119,12042,11923,2008,"AF1b_A1.1.5","Cosmopolitan AF1b"
"106","KR534220",1,119,12042,11922,2008,"AF1b_A1.1.5","Cosmopolitan AF1b"
"107","KR906737",8,152,12042,11882,2008,"AF1b_A1.1.5","Cosmopolitan AF1b"
"108","KY210220",2,217,12042,11823,2008,"AF1b_A1.1.5","Cosmopolitan AF1b"
"109","KR534217",113,213,12042,11716,2008,"AF1b_A1.1.5","Cosmopolitan AF1b"
"110","KY210222",0,122,12042,11920,2009,"AF1b_A1.1.5","Cosmopolitan AF1b"
"111","KY210221",170,197,12042,11675,2008,"AF1b_A1.1","Cosmopolitan AF1b"
"112","KR906783",0,128,12042,11914,2012,"AF1b_A1.1","Cosmopolitan AF1b"
"113","KR906745",0,122,12042,11920,2010,"AF1b_A1.1","Cosmopolitan AF1b"
"114","MN726803",0,128,12042,11914,2018,"AF1b_A1.1","Cosmopolitan AF1b"
"115","LT909536",0,119,12042,11923,2018,"AF1b_A1.1","Cosmopolitan AF1b"
"116","KR906775",0,128,12042,11914,2011,"AF1b_A1.1","Cosmopolitan AF1b"
"117","KY210275",0,128,12042,11914,2013,"AF1b_A1.1","Cosmopolitan AF1b"
"118","KF155002",0,164,12042,11878,2010,"AF1b_J1","Cosmopolitan AF1b"
"119","MN726804",1,119,12042,11922,2015,"AF1b_J1","Cosmopolitan AF1b"
"120","KR906768",2,128,12042,11912,2011,"AF1b_J1","Cosmopolitan AF1b"
"121","KR906742",0,119,12042,11923,2009,"AF1b_J1","Cosmopolitan AF1b"
"122","KR906754",0,119,12042,11923,2011,"AF1b_J1","Cosmopolitan AF1b"
"123","KR906750",0,119,12042,11923,2010,"AF1b_J1","Cosmopolitan AF1b"
"124","MN726824",0,121,12042,11921,2016,"AF1b_A1.3.1","Cosmopolitan AF1b"
"125","MN726827",0,188,12042,11854,2017,"AF1b_A1.3.1","Cosmopolitan AF1b"
"126","MN726826",0,119,12042,11923,2016,"AF1b_A1.3.1","Cosmopolitan AF1b"
"127","KR906740",0,119,12042,11923,2009,"AF1b_A1.3.1","Cosmopolitan AF1b"
"128","KR906762",0,128,12042,11914,2010,"AF1b_A1.3","Cosmopolitan AF1b"
"129","KR906767",1,122,12042,11919,2011,"AF1b_A1.3","Cosmopolitan AF1b"
"130","KR906761",0,122,12042,11920,2010,"AF1b_A1.3","Cosmopolitan AF1b"
"131","KR906749",0,119,12042,11923,2010,"AF1b_A1.3","Cosmopolitan AF1b"
"132","KR906741",0,123,12042,11919,2003,"AF1b_A1.3","Cosmopolitan AF1b"
"133","KR906753",0,119,12042,11923,2011,"AF1b_A1.3","Cosmopolitan AF1b"
"134","LC029889",0,119,12042,11923,2009,"AF1b_A1","Cosmopolitan AF1b"
"135","KR906764",0,120,12042,11922,2010,"AF1b_A1.4","Cosmopolitan AF1b"
"136","KR906765",0,119,12042,11923,2010,"AF1b_A1.4","Cosmopolitan AF1b"
"137","KR906763",0,119,12042,11923,2010,"AF1b_A1.4","Cosmopolitan AF1b"
"138","KR906735",1,123,12042,11918,2008,"AF1b_A1.4","Cosmopolitan AF1b"
"139","KR906736",0,119,12042,11923,2008,"AF1b_A1.4","Cosmopolitan AF1b"
"140","KR906766",0,119,12042,11923,2010,"AF1b_A1","Cosmopolitan AF1b"
"141","KX148205",804,168,12042,11070,1994,"AF1b_A1","Cosmopolitan AF1b"
"142","KY210269",0,119,12042,11923,2013,"AF1b_B1.2.1","Cosmopolitan AF1b"
"143","KY210270",0,120,12042,11922,2013,"AF1b_B1.2.1","Cosmopolitan AF1b"
"144","KY210274",0,119,12042,11923,2013,"AF1b_B1.2.1","Cosmopolitan AF1b"
"145","KY210257",0,119,12042,11923,2013,"AF1b_B1.2.1","Cosmopolitan AF1b"
"146","KR906789",0,119,12042,11923,2012,"AF1b_B1.2.1","Cosmopolitan AF1b"
"147","KR906776",0,119,12042,11923,2011,"AF1b_B1.2","Cosmopolitan AF1b"
"148","KY210237",0,119,12042,11923,2011,"AF1b_B1.2","Cosmopolitan AF1b"
"149","KY210242",0,119,12042,11923,2011,"AF1b_B1.2","Cosmopolitan AF1b"
"150","KY210279",0,169,12042,11873,2011,"AF1b_B1.2","Cosmopolitan AF1b"
"151","KR534230",0,169,12042,11873,2010,"AF1b_B1.2","Cosmopolitan AF1b"
"152","KY210240",0,119,12042,11923,2011,"AF1b_B1.2","Cosmopolitan AF1b"
"153","KY210304",0,120,12042,11922,2012,"AF1b_B1.2","Cosmopolitan AF1b"
"154","KY210284",0,120,12042,11922,2012,"AF1b_K1","Cosmopolitan AF1b"
"155","KY210310",0,119,12042,11923,2012,"AF1b_K1","Cosmopolitan AF1b"
"156","KY210277",0,240,12042,11802,2011,"AF1b_K1","Cosmopolitan AF1b"
"157","KY210283",0,240,12042,11802,2012,"AF1b_K1","Cosmopolitan AF1b"
"158","KR906777",0,240,12042,11802,2011,"AF1b_K1","Cosmopolitan AF1b"
"159","KY210261",0,240,12042,11802,2013,"AF1b_K1","Cosmopolitan AF1b"
"160","KY210233",0,240,12042,11802,2011,"AF1b_B1.3.1","Cosmopolitan AF1b"
"161","KR906770",0,240,12042,11802,2011,"AF1b_B1.3.1","Cosmopolitan AF1b"
"162","KY210227",0,240,12042,11802,2011,"AF1b_B1.3","Cosmopolitan AF1b"
"163","KR906784",0,240,12042,11802,2012,"AF1b_B1.3","Cosmopolitan AF1b"
"164","KY210294",0,239,12042,11803,2012,"AF1b_B1.3","Cosmopolitan AF1b"
"165","KR906769",0,242,12042,11800,2011,"AF1b_B1","Cosmopolitan AF1b"
"166","KY210253",0,242,12042,11800,2013,"AF1b_B1.4.1","Cosmopolitan AF1b"
"167","KY210256",0,242,12042,11800,2013,"AF1b_B1.4.1","Cosmopolitan AF1b"
"168","KY210254",0,241,12042,11801,2013,"AF1b_B1.4.1","Cosmopolitan AF1b"
"169","KY210255",0,241,12042,11801,2013,"AF1b_B1.4.1","Cosmopolitan AF1b"
"170","KY210266",0,241,12042,11801,2013,"AF1b_B1.4.1","Cosmopolitan AF1b"
"171","KY210264",0,241,12042,11801,2013,"AF1b_B1.4","Cosmopolitan AF1b"
"172","MN726829",0,241,12042,11801,2017,"AF1b_B1.4","Cosmopolitan AF1b"
"173","MN726833",0,241,12042,11801,2017,"AF1b_B1.4","Cosmopolitan AF1b"
"174","MN726816",0,241,12042,11801,2018,"AF1b_B1","Cosmopolitan AF1b"
"175","KR534231",0,241,12042,11801,2010,"AF1b_D1.1","Cosmopolitan AF1b"
"176","KR534234",0,241,12042,11801,2011,"AF1b_D1.1","Cosmopolitan AF1b"
"177","KR534228",0,241,12042,11801,2010,"AF1b_D1.1","Cosmopolitan AF1b"
"178","KR906785",0,241,12042,11801,2012,"AF1b_D1.1","Cosmopolitan AF1b"
"179","KY210285",0,241,12042,11801,2012,"AF1b_D1.1","Cosmopolitan AF1b"
"180","KR534238",0,241,12042,11801,2011,"AF1b_D1.1","Cosmopolitan AF1b"
"181","KR906759",0,241,12042,11801,2010,"AF1b_D1.1","Cosmopolitan AF1b"
"182","KR906743",0,242,12042,11800,2010,"AF1b_D1","Cosmopolitan AF1b"
"183","KY210280",0,242,12042,11800,2012,"AF1b_D1","Cosmopolitan AF1b"
"184","KY210282",0,241,12042,11801,2012,"AF1b_D1","Cosmopolitan AF1b"
"185","KR906791",0,242,12042,11800,2012,"AF1b_D1","Cosmopolitan AF1b"
"186","KR534251",0,241,12042,11801,2011,"AF1b_B1.1.1","Cosmopolitan AF1b"
"187","KY210281",0,241,12042,11801,2012,"AF1b_B1.1.1","Cosmopolitan AF1b"
"188","KR906774",0,241,12042,11801,2011,"AF1b_B1.1.1","Cosmopolitan AF1b"
"189","KY210306",0,240,12042,11802,2012,"AF1b_B1.1.1","Cosmopolitan AF1b"
"190","KR534219",0,241,12042,11801,2007,"AF1b_B1.1","Cosmopolitan AF1b"
"191","KR906734",0,241,12042,11801,2008,"AF1b_B1.1","Cosmopolitan AF1b"
"192","KY210223",0,241,12042,11801,2007,"AF1b_B1","Cosmopolitan AF1b"
"193","MN726814",0,241,12042,11801,2018,"AF1b_B1","Cosmopolitan AF1b"
"194","MN726821",0,241,12042,11801,2018,"AF1b_B1","Cosmopolitan AF1b"
"195","MN726831",0,241,12042,11801,2013,"AF1b_B1","Cosmopolitan AF1b"
"196","KX148207",0,241,12042,11801,2014,"AF1b_A1.2.1","Cosmopolitan AF1b"
"197","KR906739",0,241,12042,11801,2004,"AF1b_A1.2.1","Cosmopolitan AF1b"
"198","KR906744",0,240,12042,11802,2010,"AF1b_A1.2.1","Cosmopolitan AF1b"
"199","KR906790",0,241,12042,11801,2012,"AF1b_L1","Cosmopolitan AF1b"
"200","KY210252",0,241,12042,11801,2012,"AF1b_L1","Cosmopolitan AF1b"
"201","KY210245",0,241,12042,11801,2012,"AF1b_L1","Cosmopolitan AF1b"
"202","KY210311",0,240,12042,11802,2012,"AF1b_L1","Cosmopolitan AF1b"
"203","KY210263",0,241,12042,11801,2013,"AF1b_L1","Cosmopolitan AF1b"
"204","KR906779",0,241,12042,11801,2012,"AF1b_A1.2.2","Cosmopolitan AF1b"
"205","KY210309",0,241,12042,11801,2012,"AF1b_A1.2.2","Cosmopolitan AF1b"
"206","KR534252",0,241,12042,11801,2011,"AF1b_A1.2.2","Cosmopolitan AF1b"
"207","LT909528",0,241,12042,11801,2018,"AF1b_A1.2","Cosmopolitan AF1b"
"208","LT909534",0,241,12042,11801,2018,"AF1b_A1.2","Cosmopolitan AF1b"
"209","KX148206",0,241,12042,11801,1996,"AF1b_A1","Cosmopolitan AF1b"
"210","KT336432",0,241,12042,11801,2012,"AF1b_A1.5","Cosmopolitan AF1b"
"211","KT336436",0,240,12042,11802,2012,"AF1b_A1.5","Cosmopolitan AF1b"
"212","KX148203",0,241,12042,11801,1986,"AF1b_A1.5","Cosmopolitan AF1b"
"213","KT336435",0,241,12042,11801,1993,"AF1b_A1.5","Cosmopolitan AF1b"
"214","KT336437",0,241,12042,11801,2012,"AF1b_A1.5","Cosmopolitan AF1b"
"215","MG458318",0,241,12042,11801,2008,"AF1b_A1.5","Cosmopolitan AF1b"
"216","KR906746",0,241,12042,11801,2010,"AF1b_A1.6","Cosmopolitan AF1b"
"217","KR906747",0,241,12042,11801,2010,"AF1b_A1.6","Cosmopolitan AF1b"
"218","KR906751",0,241,12042,11801,2011,"AF1b_A1.6","Cosmopolitan AF1b"
"219","KR906757",0,241,12042,11801,2010,"AF1b_A1.6","Cosmopolitan AF1b"
"220","KT336434",0,241,12042,11801,1992,"AF1b_A1.6","Cosmopolitan AF1b"
"221","KX148103",0,241,12042,11801,1981,"AF1b_A1","Cosmopolitan AF1b"
"222","JX473838",0,241,12042,11801,2009,"AF1b_A1.7","Cosmopolitan AF1b"
"223","JX473839",0,241,12042,11801,2009,"AF1b_A1.7","Cosmopolitan AF1b"
"224","JX473840",0,241,12042,11801,2009,"AF1b_A1.7","Cosmopolitan AF1b"
"225","JX473841",0,241,12042,11801,2009,"AF1b_A1.7","Cosmopolitan AF1b"
"226","KX148204",0,241,12042,11801,1992,"AF1b_A1.7","Cosmopolitan AF1b"
"227","KT336433",0,241,12042,11801,1991,"AF1b_A1","Cosmopolitan AF1b"
"228","KX148208",0,241,12042,11801,1992,"AF1b_A1","Cosmopolitan AF1b"
"229","KR906748",0,241,12042,11801,2010,"AF1b_A1","Cosmopolitan AF1b"
"230","KR906752",0,241,12042,11801,2011,"AF1b_A1","Cosmopolitan AF1b"
"231","KX148209",0,241,12042,11801,2004,"A1.2","Cosmopolitan AF1c"
"232","KX148210",0,241,12042,11801,1998,"A1.2","Cosmopolitan AF1c"
"233","KX148211",0,241,12042,11801,1986,"A1.2","Cosmopolitan AF1c"
"234","MN726805",0,241,12042,11801,2017,"AF1a_B1","Cosmopolitan AF1a"
"235","MN726812",0,241,12042,11801,2017,"AF1a_B1","Cosmopolitan AF1a"
"236","MN726830",0,241,12042,11801,2018,"AF1a_B1","Cosmopolitan AF1a"
"237","MN726810",0,240,12042,11802,2015,"AF1a_B1","Cosmopolitan AF1a"
"238","MN726819",0,240,12042,11802,2013,"AF1a_B1","Cosmopolitan AF1a"
"239","LT909531",0,237,12042,11805,2018,"A1","Cosmopolitan AF1a"
"240","KX148200",0,237,12042,11805,1988,"AF1a_C1","Cosmopolitan AF1a"
"241","LT909551",0,238,12042,11804,2018,"AF1a_C1","Cosmopolitan AF1a"
"242","KP723638",0,238,12042,11804,2014,"AF1a_C1","Cosmopolitan AF1a"
"243","KX148198",0,238,12042,11804,1993,"AF1a_C1","Cosmopolitan AF1a"
"244","KX148199",0,238,12042,11804,1993,"AF1a_C1","Cosmopolitan AF1a"
"245","MK981888",0,238,12042,11804,1993,"A1","Cosmopolitan AF1a"
"246","KX148195",0,235,12042,11807,2004,"AF1a_A1.1","Cosmopolitan AF1a"
"247","KX148196",0,237,12042,11805,1990,"AF1a_A1.1","Cosmopolitan AF1a"
"248","KF155001",0,238,12042,11804,2009,"AF1a_A1.1","Cosmopolitan AF1a"
"249","KX148193",0,241,12042,11801,2008,"AF1a_A1.1","Cosmopolitan AF1a"
"250","KX148194",0,242,12042,11800,1989,"AF1a_A1.1","Cosmopolitan AF1a"
"251","LT909529",0,241,12042,11801,2018,"AF1a_A1","Cosmopolitan AF1a"
"252","LT909542",0,241,12042,11801,2018,"AF1a_A1","Cosmopolitan AF1a"
"253","LT909535",0,241,12042,11801,2018,"AF1a_A1","Cosmopolitan AF1a"
"254","KX148197",0,240,12042,11802,2015,"AF1a_A1","Cosmopolitan AF1a"
"255","GQ412744",0,241,12042,11801,1931,"C1.1.1","Cosmopolitan"
"256","JN234411",0,241,12042,11801,1931,"C1.1.1","Cosmopolitan"
"257","DQ875051",0,241,12042,11801,2006,"C1.1.1","Cosmopolitan"
"258","AB044824",0,240,12042,11802,2000,"C1.1.1","Cosmopolitan"
"259","AB128149",0,241,12042,11801,2003,"C1.1.1","Cosmopolitan"
"260","AB009663",0,239,12042,11803,1997,"C1.1.1","Cosmopolitan"
"261","EF542830",0,239,12042,11803,2008,"C1.1","Cosmopolitan"
"262","KM198893",0,240,12042,11802,2014,"C1.1","Cosmopolitan"
"263","KX148201",0,238,12042,11804,1986,"C1","Cosmopolitan AF1a"
"264","KX148202",0,248,12042,11794,1995,"C1","Cosmopolitan AF1a"
"265","LT909546",0,248,12042,11794,2018,"C1","Cosmopolitan AF1a"
"266","MK760696",0,248,12042,11794,2012,"ME1a_C1.1.1","Cosmopolitan ME1a"
"267","MK760726",0,249,12042,11793,2013,"ME1a_C1.1.1","Cosmopolitan ME1a"
"268","MK760704",0,249,12042,11793,2012,"ME1a_C1.1.1","Cosmopolitan ME1a"
"269","MK760758",0,244,12042,11798,2014,"ME1a_C1.1.1","Cosmopolitan ME1a"
"270","MK760738",0,128,12042,11914,2014,"ME1a_C1.1.1","Cosmopolitan ME1a"
"271","MK760699",147,130,12042,11765,2012,"ME1a_C1.1","Cosmopolitan ME1a"
"272","MK760745",0,119,12042,11923,2014,"ME1a_C1.1.2","Cosmopolitan ME1a"
"273","MK760754",0,128,12042,11914,2014,"ME1a_C1.1.2","Cosmopolitan ME1a"
"274","MK760741",0,119,12042,11923,2013,"ME1a_C1.1.2","Cosmopolitan ME1a"
"275","MK760720",0,119,12042,11923,2013,"ME1a_C1.1.2","Cosmopolitan ME1a"
"276","MK760671",1,122,12042,11919,2008,"ME1a_C1.1.2","Cosmopolitan ME1a"
"277","MK760736",0,128,12042,11914,2014,"ME1a_C1.1.3","Cosmopolitan ME1a"
"278","MK760737",194,186,12042,11662,2013,"ME1a_C1.1.3","Cosmopolitan ME1a"
"279","MK760724",0,119,12042,11923,2013,"ME1a_C1.1.3","Cosmopolitan ME1a"
"280","MK760694",0,119,12042,11923,2009,"ME1a_C1.1.3","Cosmopolitan ME1a"
"281","MK760740",0,119,12042,11923,2013,"ME1a_C1.1.3","Cosmopolitan ME1a"
"282","MK760670",0,119,12042,11923,2008,"ME1a_C1.1","Cosmopolitan ME1a"
"283","MK760674",0,119,12042,11923,2008,"ME1a_C1.1","Cosmopolitan ME1a"
"284","MK760705",8,128,12042,11906,2012,"ME1a_C1.3","Cosmopolitan ME1a"
"285","MK760750",0,119,12042,11923,2014,"ME1a_C1.3","Cosmopolitan ME1a"
"286","MK760722",0,128,12042,11914,2013,"ME1a_C1.3","Cosmopolitan ME1a"
"287","MK760689",0,122,12042,11920,2010,"ME1a_C1.3","Cosmopolitan ME1a"
"288","MK760698",0,119,12042,11923,2012,"ME1a_C1.3","Cosmopolitan ME1a"
"289","MK760716",0,119,12042,11923,2013,"ME1a_C1","Cosmopolitan ME1a"
"290","MK760685",0,158,12042,11884,2009,"ME1a_C1.4","Cosmopolitan ME1a"
"291","MK760725",0,137,12042,11905,2013,"ME1a_C1.4","Cosmopolitan ME1a"
"292","MK760752",0,119,12042,11923,2014,"ME1a_C1.4","Cosmopolitan ME1a"
"293","MK760703",0,128,12042,11914,2012,"ME1a_C1.4","Cosmopolitan ME1a"
"294","MK760749",0,184,12042,11858,2014,"ME1a_C1.4","Cosmopolitan ME1a"
"295","MK760762",0,119,12042,11923,2014,"ME1a_C1.4","Cosmopolitan ME1a"
"296","MK760732",0,119,12042,11923,2014,"ME1a_C1","Cosmopolitan ME1a"
"297","MK760693",0,119,12042,11923,2009,"ME1a_C1","Cosmopolitan ME1a"
"298","MK760708",0,119,12042,11923,2012,"ME1a_C1.2.1","Cosmopolitan ME1a"
"299","MK760767",0,119,12042,11923,2015,"ME1a_C1.2.1","Cosmopolitan ME1a"
"300","MK760721",0,122,12042,11920,2013,"ME1a_C1.2.1","Cosmopolitan ME1a"
"301","MK760713",0,119,12042,11923,2013,"ME1a_C1.2.1","Cosmopolitan ME1a"
"302","MK760748",0,119,12042,11923,2014,"ME1a_C1.2.1","Cosmopolitan ME1a"
"303","MK760733",0,119,12042,11923,2014,"ME1a_C1.2","Cosmopolitan ME1a"
"304","MK760765",0,120,12042,11922,2014,"ME1a_C1.2","Cosmopolitan ME1a"
"305","MK760677",0,119,12042,11923,2009,"ME1a_C1","Cosmopolitan ME1a"
"306","MK760701",0,119,12042,11923,2012,"ME1a_C1","Cosmopolitan ME1a"
"307","MK760695",0,119,12042,11923,2011,"ME1a_B1.1.1","Cosmopolitan ME1a"
"308","MK760742",0,120,12042,11922,2014,"ME1a_B1.1.1","Cosmopolitan ME1a"
"309","MK760715",0,122,12042,11920,2013,"ME1a_B1.1.1","Cosmopolitan ME1a"
"310","KX148185",6,145,12042,11891,1996,"ME1a_B1.1.1","Cosmopolitan ME1a"
"311","MK760681",0,119,12042,11923,2009,"ME1a_B1.1","Cosmopolitan ME1a"
"312","MK760697",0,119,12042,11923,2012,"ME1a_B1.1","Cosmopolitan ME1a"
"313","MK760683",0,119,12042,11923,2009,"ME1a_B1.1","Cosmopolitan ME1a"
"314","MK760763",0,119,12042,11923,2014,"ME1a_B1.1","Cosmopolitan ME1a"
"315","MK760669",0,119,12042,11923,2008,"ME1a_B1","Cosmopolitan ME1a"
"316","MK760751",0,119,12042,11923,2014,"ME1a_B1","Cosmopolitan ME1a"
"317","MK760759",0,119,12042,11923,2014,"ME1a_B1","Cosmopolitan ME1a"
"318","LT909526",0,119,12042,11923,2018,"ME1a_A1.1.1","Cosmopolitan ME1a"
"319","MK760673",0,119,12042,11923,2008,"ME1a_A1.1.1","Cosmopolitan ME1a"
"320","MK760710",0,119,12042,11923,2013,"ME1a_A1.1.1","Cosmopolitan ME1a"
"321","MK760727",0,119,12042,11923,2013,"ME1a_D1","Cosmopolitan ME1a"
"322","MK760728",0,119,12042,11923,2014,"ME1a_D1","Cosmopolitan ME1a"
"323","MK760709",0,119,12042,11923,2012,"ME1a_D1","Cosmopolitan ME1a"
"324","MK760739",0,119,12042,11923,2013,"ME1a_D1","Cosmopolitan ME1a"
"325","MK760764",0,128,12042,11914,2014,"ME1a_D1","Cosmopolitan ME1a"
"326","MK760688",0,119,12042,11923,2009,"ME1a_A1.1.2","Cosmopolitan ME1a"
"327","MK760668",0,119,12042,11923,2008,"ME1a_A1.1.2","Cosmopolitan ME1a"
"328","MK760686",0,122,12042,11920,2009,"ME1a_A1.1.2","Cosmopolitan ME1a"
"329","MK760667",29,139,12042,11874,2008,"ME1a_A1.1.5","Cosmopolitan ME1a"
"330","MK760692",5,119,12042,11918,2009,"ME1a_A1.1.5","Cosmopolitan ME1a"
"331","MK760672",0,119,12042,11923,2008,"ME1a_A1.1.5","Cosmopolitan ME1a"
"332","MK760678",0,173,12042,11869,2009,"ME1a_A1.1.5","Cosmopolitan ME1a"
"333","KX148186",0,119,12042,11923,1984,"ME1a_A1.1.5","Cosmopolitan ME1a"
"334","LT909533",17,128,12042,11897,2018,"ME1a_E1","Cosmopolitan ME1a"
"335","LT909540",0,119,12042,11923,2018,"ME1a_E1","Cosmopolitan ME1a"
"336","KX148168",0,120,12042,11922,1987,"ME1a_E1","Cosmopolitan ME1a"
"337","KX148169",7,169,12042,11866,1990,"ME1a_E1","Cosmopolitan ME1a"
"338","KX148170",0,120,12042,11922,1990,"ME1a_E1","Cosmopolitan ME1a"
"339","KX148171",0,122,12042,11920,1991,"ME1a_E1","Cosmopolitan ME1a"
"340","KX148172",0,122,12042,11920,1987,"ME1a_A1.1.3","Cosmopolitan ME1a"
"341","KX148174",0,119,12042,11923,1998,"ME1a_A1.1.3","Cosmopolitan ME1a"
"342","KX148175",0,119,12042,11923,1998,"ME1a_A1.1.3","Cosmopolitan ME1a"
"343","KX148173",0,127,12042,11915,1997,"ME1a_A1.1.3","Cosmopolitan ME1a"
"344","KX148176",0,122,12042,11920,2004,"ME1a_A1.1.3","Cosmopolitan ME1a"
"345","KX148177",0,119,12042,11923,1996,"ME1a_A1.1","Cosmopolitan ME1a"
"346","KX148178",0,119,12042,11923,1996,"ME1a_A1.1","Cosmopolitan ME1a"
"347","KX148179",0,119,12042,11923,1996,"ME1a_A1.1","Cosmopolitan ME1a"
"348","KX148180",0,122,12042,11920,1993,"ME1a_A1.1","Cosmopolitan ME1a"
"349","KX148181",0,128,12042,11914,1996,"ME1a_A1.1","Cosmopolitan ME1a"
"350","KX148182",0,119,12042,11923,1996,"ME1a_A1.1","Cosmopolitan ME1a"
"351","KX148183",0,119,12042,11923,1993,"ME1a_A1.1","Cosmopolitan ME1a"
"352","KX148184",0,122,12042,11920,1996,"ME1a_A1.1","Cosmopolitan ME1a"
"353","KY860604",0,119,12042,11923,2000,"ME1a_A1.1","Cosmopolitan ME1a"
"354","KY860605",0,119,12042,11923,2001,"ME1a_A1.1","Cosmopolitan ME1a"
"355","MK760680",0,119,12042,11923,2008,"ME1a_F1","Cosmopolitan ME1a"
"356","MK760719",0,119,12042,11923,2013,"ME1a_F1","Cosmopolitan ME1a"
"357","MK760687",0,119,12042,11923,2009,"ME1a_F1","Cosmopolitan ME1a"
"358","MK760691",0,167,12042,11875,2009,"ME1a_F1","Cosmopolitan ME1a"
"359","KX148190",0,136,12042,11906,1976,"ME1a_F1","Cosmopolitan ME1a"
"360","KX148187",0,151,12042,11891,1996,"ME1a_A1.1.4","Cosmopolitan ME1a"
"361","KX148188",0,123,12042,11919,1991,"ME1a_A1.1.4","Cosmopolitan ME1a"
"362","KX148189",0,158,12042,11884,1985,"ME1a_A1.1","Cosmopolitan ME1a"
"363","KY860606",0,120,12042,11922,2001,"ME1a_A1","Cosmopolitan ME1a"
"364","KY860611",0,119,12042,11923,2001,"ME1a_A1","Cosmopolitan ME1a"
"365","KX148191",0,118,12042,11924,1993,"A1.1.2","Cosmopolitan ME1b"
"366","KX148192",0,119,12042,11923,1993,"A1.1.2","Cosmopolitan ME1b"
"367","KX148115",0,119,12042,11923,1996,"CE_A1.1","Cosmopolitan CE"
"368","KX148116",0,119,12042,11923,1996,"CE_A1.1","Cosmopolitan CE"
"369","MF197742",0,118,12042,11924,2014,"CE_A1.1","Cosmopolitan CE"
"370","KX148117",0,118,12042,11924,1997,"CE_A1.1","Cosmopolitan CE"
"371","MG458306",0,119,12042,11923,2018,"CE_A1.1","Cosmopolitan CE"
"372","KX148113",0,118,12042,11924,1991,"CE_A1","Cosmopolitan CE"
"373","KX148114",0,118,12042,11924,1995,"CE_A1","Cosmopolitan CE"
"374","KX148118",0,118,12042,11924,1994,"A1.1.1","Cosmopolitan CE"
"375","KX148122",0,118,12042,11924,1991,"CE_B1","Cosmopolitan CE"
"376","KX148123",0,119,12042,11923,1991,"CE_B1","Cosmopolitan CE"
"377","KX148124",0,118,12042,11924,1991,"CE_B1","Cosmopolitan CE"
"378","LT909547",0,118,12042,11924,2018,"CE_B1","Cosmopolitan CE"
"379","KX148119",0,118,12042,11924,1993,"CE_B1","Cosmopolitan CE"
"380","KX148120",0,118,12042,11924,1993,"CE_B1","Cosmopolitan CE"
"381","KX148121",0,117,12042,11925,1993,"CE_B1","Cosmopolitan CE"
"382","KX148129",0,117,12042,11925,1994,"WE_A1","Cosmopolitan WE"
"383","KX148130",0,118,12042,11924,1994,"WE_A1","Cosmopolitan WE"
"384","KX148131",0,119,12042,11923,1994,"WE_A1","Cosmopolitan WE"
"385","KX148132",0,119,12042,11923,1994,"WE_A1","Cosmopolitan WE"
"386","KX148133",0,119,12042,11923,1986,"WE_A1","Cosmopolitan WE"
"387","MG458310",0,119,12042,11923,1986,"WE_A1","Cosmopolitan WE"
"388","KX148134",0,119,12042,11923,1994,"A1.1.1","Cosmopolitan WE"
"389","EU293115",0,119,12042,11923,1991,"WE_A1","Cosmopolitan WE"
"390","KX148127",0,119,12042,11923,1991,"WE_A1","Cosmopolitan WE"
"391","KX148128",0,119,12042,11923,1992,"WE_A1","Cosmopolitan WE"
"392","KX148125",0,119,12042,11923,1994,"WE_A1","Cosmopolitan WE"
"393","KX148126",0,119,12042,11923,1996,"WE_A1","Cosmopolitan WE"
"394","LN879481",0,119,12042,11923,1998,"A1.1.1","Cosmopolitan WE"
"395","KX148135",0,115,12042,11927,1991,"A1.1.1","Cosmopolitan WE"
"396","KX148136",0,119,12042,11923,1993,"EE_A1.1.1","Cosmopolitan EE"
"397","KX148138",0,120,12042,11922,1993,"EE_A1.1.1","Cosmopolitan EE"
"398","KX148139",0,115,12042,11927,1993,"EE_A1.1.1","Cosmopolitan EE"
"399","KX148137",0,119,12042,11923,1993,"EE_A1.1.1","Cosmopolitan EE"
"400","KX148140",0,119,12042,11923,1986,"EE_A1.1.1","Cosmopolitan EE"
"401","MG458311",0,115,12042,11927,1998,"EE_A1.1.1","Cosmopolitan EE"
"402","KX148141",0,117,12042,11925,1992,"EE_A1.1","Cosmopolitan EE"
"403","KX148142",0,112,12042,11930,1994,"EE_A1.1","Cosmopolitan EE"
"404","KX148144",0,119,12042,11923,1994,"EE_A1","Cosmopolitan EE"
"405","KX148145",0,119,12042,11923,1986,"EE_A1","Cosmopolitan EE"
"406","KX148143",0,119,12042,11923,1993,"A1.1.1","Cosmopolitan EE"
"407","KX148149",0,115,12042,11927,1991,"NEE_B1.1","Cosmopolitan NEE"
"408","LT909537",0,119,12042,11923,2018,"NEE_B1.1","Cosmopolitan NEE"
"409","KX148148",0,119,12042,11923,1992,"NEE_B1.1","Cosmopolitan NEE"
"410","KF154997",0,119,12042,11923,2013,"NEE_B1.1","Cosmopolitan NEE"
"411","LT909538",0,119,12042,11923,2018,"NEE_B1.1","Cosmopolitan NEE"
"412","KX148150",0,111,12042,11931,1986,"NEE_B1","Cosmopolitan NEE"
"413","LT909532",0,117,12042,11925,2018,"NEE_B1","Cosmopolitan NEE"
"414","JQ944704",0,118,12042,11924,2009,"NEE_B1","Cosmopolitan NEE"
"415","KX148146",0,116,12042,11926,1993,"NEE_A1.1.1","Cosmopolitan NEE"
"416","KX148147",0,119,12042,11923,1988,"NEE_A1.1.1","Cosmopolitan NEE"
"417","MF197743",0,115,12042,11927,2010,"NEE_A1.1","Cosmopolitan NEE"
"418","KX148151",0,204,12042,11838,1996,"NEE_A1.1","Cosmopolitan NEE"
"419","KX148152",0,240,12042,11802,1996,"NEE_A1.1","Cosmopolitan NEE"
"420","KX148153",0,240,12042,11802,1996,"NEE_A1.1","Cosmopolitan NEE"
"421","KX148154",0,241,12042,11801,1997,"NEE_A1.1","Cosmopolitan NEE"
"422","KX148155",0,118,12042,11924,1993,"NEE_A1","Cosmopolitan NEE"
"423","KX148156",0,119,12042,11923,1991,"NEE_A1","Cosmopolitan NEE"
"424","KX148157",0,119,12042,11923,1993,"NEE_A1","Cosmopolitan NEE"
"425","KX148158",0,119,12042,11923,1993,"NEE_A1","Cosmopolitan NEE"
"426","MK760744",0,119,12042,11923,2014,"CA1_D1","Cosmopolitan CA1"
"427","MK760755",0,119,12042,11923,2014,"CA1_D1","Cosmopolitan CA1"
"428","MK760700",0,119,12042,11923,2012,"CA1_D1","Cosmopolitan CA1"
"429","MK760706",0,119,12042,11923,2012,"CA1_D1","Cosmopolitan CA1"
"430","MK760723",0,124,12042,11918,2013,"CA1_D1","Cosmopolitan CA1"
"431","MK760712",0,117,12042,11925,2013,"CA1_A1.1.1","Cosmopolitan CA1"
"432","MK760734",0,158,12042,11884,2013,"CA1_A1.1.1","Cosmopolitan CA1"
"433","KX148159",0,320,12042,11722,1974,"CA1_A1.1","Cosmopolitan CA1"
"434","MK760731",0,320,12042,11722,2014,"CA1_A1.1","Cosmopolitan CA1"
"435","MK760753",0,320,12042,11722,2014,"CA1_A1.1","Cosmopolitan CA1"
"436","MK760707",0,320,12042,11722,2012,"CA1_A1.1","Cosmopolitan CA1"
"437","KT728348",0,320,12042,11722,2003,"CA1_A1","Cosmopolitan CA1"
"438","KT728349",0,319,12042,11723,2003,"CA1_A1","Cosmopolitan CA1"
"439","KC595282",0,320,12042,11722,2011,"CA1_B1","Cosmopolitan CA1"
"440","KC595283",0,320,12042,11722,2011,"CA1_B1","Cosmopolitan CA1"
"441","KC595281",0,320,12042,11722,2011,"CA1_B1","Cosmopolitan CA1"
"442","MF197741",0,320,12042,11722,2008,"CA1_B1","Cosmopolitan CA1"
"443","KC595280",0,320,12042,11722,2011,"CA1_B1","Cosmopolitan CA1"
"444","KP997032",0,320,12042,11722,2014,"CA1_B1","Cosmopolitan CA1"
"445","JQ944705",0,320,12042,11722,2008,"B1.1","Cosmopolitan CA1"
"446","MF172976",0,320,12042,11722,2018,"CA1_C1","Cosmopolitan CA1"
"447","MH267792",0,320,12042,11722,2017,"CA1_C1","Cosmopolitan CA1"
"448","KY649620",0,320,12042,11722,2018,"CA1_C1","Cosmopolitan CA1"
"449","KC252633",0,320,12042,11722,2011,"CA1_C1","Cosmopolitan CA1"
"450","KM016899",0,320,12042,11722,2014,"CA1_C1","Cosmopolitan CA1"
"451","KY765901",0,321,12042,11721,2012,"B1.1","Cosmopolitan"
"452","LN879480",0,320,12042,11722,2002,"B1.1","Cosmopolitan"
"453","JQ944708",0,320,12042,11722,2008,"B1","Cosmopolitan CA3"
"454","KX148160",0,320,12042,11722,1991,"B1","Cosmopolitan CA3"
"455","KX148161",0,320,12042,11722,1972,"A1.1.1","Cosmopolitan YUGFOX"
"456","MG458312",0,320,12042,11722,1997,"A1.1.1","Cosmopolitan"
"457","KY860596",0,320,12042,11722,2014,"ME2_A1.1.1","Cosmopolitan ME2"
"458","KY860597",0,320,12042,11722,2014,"ME2_A1.1.1","Cosmopolitan ME2"
"459","KY860594",0,320,12042,11722,2012,"ME2_A1.1.1","Cosmopolitan ME2"
"460","KY860600",0,320,12042,11722,2014,"ME2_A1.1.1","Cosmopolitan ME2"
"461","KY860598",0,320,12042,11722,2014,"ME2_A1.1.1","Cosmopolitan ME2"
"462","KY860599",0,320,12042,11722,2014,"ME2_A1.1.1","Cosmopolitan ME2"
"463","KY860601",0,320,12042,11722,2014,"ME2_A1.1.1","Cosmopolitan ME2"
"464","KY860602",0,320,12042,11722,2014,"ME2_A1.1.1","Cosmopolitan ME2"
"465","KY860591",0,320,12042,11722,2008,"ME2_A1.1","Cosmopolitan ME2"
"466","KY860589",0,320,12042,11722,2006,"ME2_A1.1","Cosmopolitan ME2"
"467","KY860592",0,320,12042,11722,2009,"ME2_A1.1","Cosmopolitan ME2"
"468","KY860593",0,320,12042,11722,2010,"ME2_A1.1","Cosmopolitan ME2"
"469","KY860588",0,320,12042,11722,2004,"ME2_A1","Cosmopolitan ME2"
"470","KY860584",0,320,12042,11722,1999,"ME2_A1","Cosmopolitan ME2"
"471","KY860595",0,320,12042,11722,2012,"ME2_A1.2","Cosmopolitan ME2"
"472","KY860603",0,320,12042,11722,2015,"ME2_A1.2","Cosmopolitan ME2"
"473","KY860586",0,320,12042,11722,2001,"ME2_A1.2","Cosmopolitan ME2"
"474","KY860587",0,320,12042,11722,2001,"ME2_A1.2","Cosmopolitan ME2"
"475","KY860590",0,320,12042,11722,2007,"ME2_A1.2","Cosmopolitan ME2"
"476","KY860585",0,319,12042,11723,2001,"ME2_A1","Cosmopolitan ME2"
"477","KY860583",0,320,12042,11722,1999,"ME2_A1","Cosmopolitan ME2"
"478","KY860607",0,320,12042,11722,2001,"ME2_A1","Cosmopolitan ME2"
"479","KY860608",0,320,12042,11722,2001,"ME2_A1","Cosmopolitan ME2"
"480","MK760714",0,319,12042,11723,2013,"ME2_A1.3","Cosmopolitan ME2"
"481","MK760730",0,319,12042,11723,2014,"ME2_A1.3","Cosmopolitan ME2"
"482","MK760717",0,320,12042,11722,2013,"ME2_A1.3","Cosmopolitan ME2"
"483","MK760718",0,320,12042,11722,2013,"ME2_A1.3","Cosmopolitan ME2"
"484","MK760746",0,320,12042,11722,2014,"ME2_A1.3","Cosmopolitan ME2"
"485","MK760711",0,320,12042,11722,2013,"ME2_A1.3","Cosmopolitan ME2"
"486","MK760743",0,320,12042,11722,2014,"ME2_A1.3","Cosmopolitan ME2"
"487","KY860612",0,319,12042,11723,1989,"A1.1","Cosmopolitan ME2"
"488","KX148162",0,320,12042,11722,1993,"ME2_B1.1","Cosmopolitan ME2"
"489","KX148163",0,320,12042,11722,1993,"ME2_B1.1","Cosmopolitan ME2"
"490","KX148164",0,320,12042,11722,1993,"ME2_B1.1","Cosmopolitan ME2"
"491","KX148165",0,320,12042,11722,1993,"ME2_B1.1","Cosmopolitan ME2"
"492","KX148166",0,320,12042,11722,1993,"ME2_B1.1","Cosmopolitan ME2"
"493","KX148167",0,320,12042,11722,1993,"ME2_B1","Cosmopolitan ME2"
"494","KY860609",0,320,12042,11722,2001,"ME2_B1","Cosmopolitan ME2"
"495","KX148104",0,319,12042,11723,1978,"A1.1","Cosmopolitan YUGCOW"
"496","MG458309",0,319,12042,11723,1978,"A1.1","Cosmopolitan YUGCOW"
"497","MK760747",0,320,12042,11722,2014,"CA2_B1.1","Cosmopolitan CA2"
"498","MK760760",0,320,12042,11722,2014,"CA2_B1.1","Cosmopolitan CA2"
"499","MK760756",0,320,12042,11722,2014,"CA2_B1.1","Cosmopolitan CA2"
"500","MK760684",0,320,12042,11722,2009,"CA2_B1.1","Cosmopolitan CA2"
"501","MK760675",0,320,12042,11722,2008,"CA2_B1.1","Cosmopolitan CA2"
"502","MK760679",0,319,12042,11723,2008,"CA2_B1","Cosmopolitan CA2"
"503","MK760690",0,320,12042,11722,2010,"CA2_B1","Cosmopolitan CA2"
"504","MK760757",0,320,12042,11722,2014,"CA2_A1.1.1","Cosmopolitan CA2"
"505","MK760676",0,320,12042,11722,2009,"CA2_A1.1.1","Cosmopolitan CA2"
"506","MK760682",0,320,12042,11722,2009,"CA2_A1.1.1","Cosmopolitan CA2"
"507","KF155000",0,320,12042,11722,2010,"CA2_A1.1","Cosmopolitan CA2"
"508","JQ944706",0,320,12042,11722,2008,"CA2_A1.1","Cosmopolitan CA2"
"509","KY860610",0,319,12042,11723,2001,"CA2_A1.1","Cosmopolitan CA2"
"510","KX148212",0,320,12042,11722,1993,"CA2_A1","Cosmopolitan CA2"
"511","MK760766",0,320,12042,11722,2015,"CA2_A1","Cosmopolitan CA2"
"512","MG458319",0,320,12042,11722,2012,"A1","Cosmopolitan"
"513","AB645847",0,320,12042,11722,2012,"A1","Cosmopolitan AM1"
"514","JQ685944",0,320,12042,11722,1984,"A1","Cosmopolitan AM1"
"515","JQ685967",0,320,12042,11722,2012,"A1","Cosmopolitan AM1"
"516","KX148213",0,320,12042,11722,1982,"A1","Cosmopolitan AM1"
"517","KX148214",0,319,12042,11723,1995,"AM3a_A1","Cosmopolitan AM3a"
"518","KX148215",0,320,12042,11722,1995,"AM3a_A1","Cosmopolitan AM3a"
"519","KX148216",0,320,12042,11722,1986,"AM3a_A1","Cosmopolitan AM3a"
"520","AB517659",0,320,12042,11722,2012,"AM3a_A1","Cosmopolitan AM3a"
"521","KC737850",0,320,12042,11722,2011,"AM3a_A1","Cosmopolitan AM3a"
"522","AB362483",0,319,12042,11723,2009,"D1.1","Cosmopolitan AM3b"
"523","KM594039",0,320,12042,11722,2009,"D1.1","Cosmopolitan AM3b"
"524","AB517660",0,320,12042,11722,2012,"D1.1","Cosmopolitan AM3b"
"525","KX148217",0,320,12042,11722,1986,"D1.1","Cosmopolitan AM3b"
"526","LT909530",0,320,12042,11722,2018,"D1","Cosmopolitan"
"527","LT909543",0,320,12042,11722,2018,"D1","Cosmopolitan"
"528","MK760769",0,320,12042,11722,2009,"AF4_A1.1","Cosmopolitan AF4"
"529","MK760770",0,320,12042,11722,2009,"AF4_A1.1","Cosmopolitan AF4"
"530","MG458316",0,320,12042,11722,1998,"AF4_A1.1","Cosmopolitan AF4"
"531","MG458315",0,319,12042,11723,1998,"AF4_A1.1","Cosmopolitan AF4"
"532","MG458317",0,317,12042,11725,1999,"AF4_A1.1","Cosmopolitan AF4"
"533","KX148101",0,246,12042,11796,1979,"AF4_A1","Cosmopolitan AF4"
"534","MK760768",957,490,12042,10595,2007,"AF4_A1","Cosmopolitan AF4"
"535","KF154998",2887,768,12042,8387,1950,"AF4_A1","Cosmopolitan AF4"
"536","GQ918139",0,119,12042,11923,2010,"E1.1","Cosmopolitan"
"537","HM535790",4,196,12042,11842,2010,"E1.1","Cosmopolitan"
"538","DQ875050",1774,1195,12042,9073,2006,"E1.1","Cosmopolitan"
"539","LC325820",1408,580,12042,10054,2018,"E1.1","Cosmopolitan"
"540","HQ891318",1,236,12042,11805,2011,"E1.1","Cosmopolitan"
"541","DQ099525",1101,497,12042,10444,2005,"E1.1","Cosmopolitan"
"542","LT839616",680,453,12042,10909,2017,"E1.1","Cosmopolitan"
"543","JQ944709",2042,701,12042,9299,2008,"E1.1","Cosmopolitan"
"544","AB839169",8,195,12042,11839,2013,"E1.1.1","Cosmopolitan"
"545","AB839170",3110,1685,12042,7247,2013,"E1.1.1","Cosmopolitan"
"546","AB085828",6,196,12042,11840,2003,"E1.1.1","Cosmopolitan"
"547","GU565704",0,173,12042,11869,1948,"E1.1.1","Cosmopolitan"
"548","FJ577895",158,444,12042,11440,2009,"E1.1.1","Cosmopolitan"
"549","GU565703",306,409,12042,11327,1948,"E1.1.1","Cosmopolitan"
"550","DQ099524",0,173,12042,11869,2005,"E1.1.1","Cosmopolitan"
"551","JQ685899",320,196,12042,11526,2009,"E1","Cosmopolitan AM2b"
"552","JQ685943",19,223,12042,11800,2009,"E1","Cosmopolitan AM2b"
"553","KX148110",470,444,12042,11128,1991,"AM2a_A1","Cosmopolitan AM2a"
"554","KX148111",1843,701,12042,9498,1991,"AM2a_A1","Cosmopolitan AM2a"
"555","KX148102",1079,701,12042,10262,1991,"AM2a_A1","Cosmopolitan AM2a"
"556","LT909544",150,410,12042,11482,2018,"AM2a_A1","Cosmopolitan AM2a"
"557","KT006769",4,310,12042,11728,2013,"AM2a_A1","Cosmopolitan AM2a"
"558","KX708503",80,174,12042,11788,2014,"AM2a_A1","Cosmopolitan AM2a"
"559","KX708504",284,173,12042,11585,2008,"AM2a_A1","Cosmopolitan AM2a"
"560","HQ450386",1066,915,12042,10061,2011,"AM2a_A1","Cosmopolitan AM2a"
"561","KX708502",1289,525,12042,10228,2012,"AM2a_A1","Cosmopolitan AM2a"
"562","KX148112",7,196,12042,11839,1991,"AM2a_A1","Cosmopolitan AM2a"
"563","JQ685894",9,196,12042,11837,1994,NA,"Cosmopolitan AM4"
"564","JQ685970",1414,701,12042,9927,1974,NA,"Cosmopolitan AM4"
"565","KX708499",511,221,12042,11310,2015,NA,"Cosmopolitan"
"566","KX708501",4935,1207,12042,5900,2013,NA,"Cosmopolitan"
"567","KX708500",472,483,12042,11087,2014,NA,"Cosmopolitan"
